country,baseline_co2_t,alt_co2_t,baseline_rank,alt_rank
ABW,564560.3460108687,589233.058807832,123.0,122.0
AGO,5557949.445096444,5526649.509334748,55.0,55.0
AIA,281.64508854318177,281.64508854318177,190.0,190.0
ALA,2.77128544579462,2.77128544579462,195.0,195.0
ALB,193181.81575598518,197999.91169697692,146.0,146.0
ARE,50769820.03924736,51152703.32097015,14.0,11.0
ARG,14168716.044850847,16860019.44709917,37.0,33.0
ASM,255149.36294986447,250244.25197097004,143.0,143.0
ATA,19839.60962816125,19839.60962816125,181.0,180.0
ATG,164110.41218294398,162092.59054744986,148.0,149.0
AUS,137711485.03084734,137511733.90157878,4.0,4.0
AZE,34585.70370799138,34208.99268890095,174.0,174.0
BEL,20702224.77616975,20983518.192861967,25.0,25.0
BEN,884718.464499358,882844.2517674961,111.0,112.0
BES,1190972.9520563956,1185293.2647432904,96.0,98.0
BGD,7733266.323637838,7687476.558853334,47.0,46.0
BGR,547501.0524019737,557640.8049614191,124.0,125.0
BHR,1252621.6248004301,1254359.0041929833,93.0,94.0
BHS,5550764.2093934165,5816284.171457617,56.0,52.0
BLM,65.03395107752469,65.03395107752469,193.0,193.0
BLZ,161431.23415931826,162756.01479895497,149.0,148.0
BMU,60396.778616757096,62411.296124238215,164.0,164.0
BRA,125434166.42658411,125190886.77996111,5.0,5.0
BRB,386810.5280461022,386826.14165343926,136.0,136.0
BRN,2676670.233516374,2697371.05286183,78.0,78.0
CAN,34988527.29549589,35157741.51320365,18.0,17.0
CCK,3765.0527723329565,3765.0527723329565,187.0,187.0
CHL,20546198.788677573,20679094.18202428,26.0,26.0
CHN,344254565.56956166,337184673.4244735,1.0,1.0
CIV,3734558.1617086693,3652055.586886608,70.0,70.0
CMR,2247449.012815788,2236980.51487581,82.0,82.0
COD,1066237.8640735976,1061614.4519099116,100.0,102.0
COG,2491028.8669679235,2486665.164082276,79.0,80.0
COK,21480.255890944718,21480.255890944718,178.0,178.0
COL,17862992.540233906,21483986.361308422,29.0,24.0
COM,304084.7097820415,303235.76985617756,140.0,139.0
CPV,834945.1272526088,832494.4109032099,114.0,117.0
CRI,3819893.8052265113,4073605.6479050615,66.0,66.0
CUB,896893.3213011526,931963.2590885051,109.0,109.0
CUW,477589.56672496116,488208.1252897409,132.0,131.0
CXR,30463.003919621602,30801.11402601495,175.0,175.0
CYM,37955.23190943783,39919.754120134705,172.0,171.0
CYP,1022966.6182417226,1074997.946382235,103.0,100.0
DEU,16190674.091507204,16183842.375132889,34.0,35.0
DJI,3076839.757373903,3085809.3946461766,74.0,74.0
DMA,37113.51445666009,37423.93872972792,173.0,173.0
DNK,5284079.319012731,5317493.317642401,58.0,57.0
DOM,6872169.55036112,7147913.663860555,49.0,48.0
DZA,5158163.09948143,5225335.638607499,59.0,58.0
ECU,5940923.378810457,6899891.976197959,51.0,49.0
EGY,87512689.95311226,50535227.61638378,9.0,12.0
ERI,83229.13520615672,84826.27378832783,161.0,160.0
ESH,138671.57162912894,139510.8394168925,153.0,153.0
ESP,66324949.50857472,67242605.30268028,11.0,9.0
EST,1076573.2008067016,1071996.743335539,99.0,101.0
FIN,2249618.061378332,2247626.468418379,81.0,81.0
FJI,1022427.8777037753,994380.7972904445,104.0,105.0
FLK,53877.470813281936,53892.74861060815,168.0,168.0
FRA,17200807.395467088,17514373.729063272,31.0,31.0
FRO,445924.96476545645,445522.3654277186,134.0,134.0
FSM,199328.55355610233,199533.58427398014,145.0,145.0
GAB,1311251.1577369226,1307396.8260259726,91.0,93.0
GBR,21245018.87586098,21999668.221802074,24.0,23.0
GEO,592776.5920233343,593552.4484539882,122.0,120.0
GHA,3954163.1928326976,3937728.605126145,65.0,67.0
GIB,13855695.205093088,14961311.12123994,39.0,37.0
GIN,5624450.7213127855,5623671.900656934,54.0,54.0
GLP,988437.3050174655,987350.2929965855,105.0,106.0
GMB,257046.3246689692,255984.22058779205,142.0,142.0
GNB,73850.89001153648,73407.01193989447,163.0,163.0
GNQ,1485596.0844808484,1482572.3305575966,88.0,88.0
GRC,10168017.292296203,11571318.829184126,44.0,42.0
GRD,74777.36345417527,74810.25589979521,162.0,162.0
GRL,241337.32414194962,241337.32414194962,144.0,144.0
GTM,4276813.158842378,4419767.252356816,63.0,62.0
GUF,116318.12109616313,118903.74637608955,155.0,154.0
GUM,965298.7175886203,953881.8116538574,106.0,107.0
GUY,477616.3725512541,487673.09451094613,131.0,132.0
HKG,84589.77439140735,80564.25033149219,160.0,161.0
HND,1558195.2676693527,1582028.61388865,87.0,87.0
HRV,813047.2678065218,834995.5272373223,117.0,116.0
HTI,468860.5048762614,480156.92615409894,133.0,133.0
IDN,56725156.17582109,48841688.716343015,13.0,13.0
IMN,26.71182065083429,26.71182065083429,194.0,194.0
IND,65779156.27197116,66312230.633977994,12.0,10.0
IRL,1724909.0970127739,1714818.5755659293,86.0,86.0
IRN,2747520.986172431,2764529.7809013496,76.0,76.0
IRQ,5907916.3812867915,5969548.445679835,52.0,51.0
ISL,884411.8525446882,887285.2056681173,112.0,111.0
ISR,3799077.6751320036,4176943.6791313156,67.0,65.0
ITA,19927005.90144167,20562639.202099536,28.0,28.0
JAM,4014653.0013419427,5091398.1426798515,64.0,59.0
JOR,1222178.3755542699,1441603.2069857635,95.0,89.0
JPN,119192196.9780273,113487673.44040154,6.0,6.0
KAZ,10462.17039820722,10454.704863951938,182.0,182.0
KEN,3787659.048478217,3786472.086940481,69.0,69.0
KHM,609487.5743822602,607166.3968030936,120.0,119.0
KIR,169728.27717066676,169786.7774462841,147.0,147.0
KNA,52474.44433781859,52406.497960700246,169.0,169.0
KOR,109943964.64184542,99539520.09316419,7.0,7.0
KWT,5666740.823086949,5668803.98972277,53.0,53.0
LBN,1047342.2422185512,1205003.2548264267,101.0,97.0
LBR,543542.6420663323,539964.1952864265,125.0,127.0
LBY,1892256.1503354867,2001171.3061626551,84.0,83.0
LCA,317690.6720729048,319631.8581832709,139.0,138.0
LKA,17466573.513402965,18085413.708904188,30.0,29.0
LTU,1231056.1373421222,1232121.2882899095,94.0,95.0
LVA,810866.6535923175,809192.2987283892,118.0,118.0
MAF,88211.72310280507,88261.85012871846,159.0,159.0
MAR,16174956.314723525,16915029.813925628,35.0,32.0
MDA,137.12980647793643,137.12980647793643,192.0,192.0
MDG,907370.625798587,906700.5356129152,108.0,110.0
MDV,592793.7010280974,593021.6232806984,121.0,121.0
MEX,35577469.768445484,35576438.52063895,17.0,16.0
MHL,300338.9439136869,300383.57729111804,141.0,140.0
MLT,9080823.850690631,9966772.492052687,45.0,45.0
MMR,1338390.2625634023,1313277.0201575684,89.0,92.0
MNE,97603.5456205261,105960.23406476075,157.0,158.0
MNP,156441.62276805105,155586.95842402324,150.0,150.0
MOZ,5504694.823630271,5506828.793475501,57.0,56.0
MRT,1314890.7382357607,1322239.5309365585,90.0,91.0
MSR,590.7666504717348,656.7807628449133,189.0,189.0
MTQ,530188.8251247142,528028.5200828937,127.0,128.0
MUS,11594183.199678026,11577773.870805604,41.0,41.0
MYS,244345470.471579,237622885.44679767,2.0,2.0
MYT,118868.850632282,118868.850632282,154.0,155.0
NAM,3100744.7329893447,3097591.3922566418,73.0,73.0
NCL,1914994.8294938793,1875988.3731264314,83.0,84.0
NGA,10509100.895982757,10464443.626044905,42.0,44.0
NIC,489001.3161194033,578639.712742808,130.0,123.0
NIU,6478.619625615862,6478.619625615862,183.0,183.0
NLD,25803105.887578268,27416098.642362997,22.0,20.0
NOR,4872019.3627711665,4887367.706806835,60.0,60.0
NRU,24971.18417722236,24936.29647851716,176.0,176.0
NZL,14162188.145215804,13750331.910729196,38.0,39.0
OMN,13290938.037296543,12821164.56613534,40.0,40.0
PAK,6292448.474658889,6319011.857891238,50.0,50.0
PAN,92429086.23985234,13957887.112462025,8.0,38.0
PER,16940617.79158911,17628833.777690023,32.0,30.0
PHL,15354382.07430285,15328064.977495706,36.0,36.0
PLW,57755.997051063314,57755.997051063314,166.0,166.0
PNG,3796924.6596081783,3803962.2861461337,68.0,68.0
POL,2875244.9151676553,2882150.0907065426,75.0,75.0
PRI,2448048.0699356203,2677458.6746177557,80.0,79.0
PRK,5767.086012402496,5767.086012402496,185.0,185.0
PRT,10409321.114006849,10730721.75294531,43.0,43.0
PRY,3109.8684017901323,3109.8684017901323,188.0,188.0
PYF,1165598.3157726277,1085168.73477651,98.0,99.0
QAT,20280081.38129597,20635810.14439734,27.0,27.0
REU,1865860.1853951563,1862053.23971585,85.0,85.0
ROU,1171335.9956277064,1211994.168514247,97.0,96.0
RUS,27412607.1691012,27489693.639400035,20.0,19.0
SAU,28528804.808981974,29490212.454424154,19.0,18.0
SDN,814446.2717583323,841438.7612066645,116.0,115.0
SEN,3213832.069916681,3200163.1996909073,72.0,72.0
SGP,68330186.97294152,67515582.67927428,10.0,8.0
SGS,4597.553697106847,4616.058940405011,186.0,186.0
SHN,54939.828832501924,54939.828832501924,167.0,167.0
SJM,21312.26466081559,15196.523400652433,179.0,181.0
SLB,765905.5583574186,574433.494701476,119.0,124.0
SLE,850164.4861714495,848087.846090748,113.0,114.0
SLV,819238.1186832482,869674.3624850424,115.0,113.0
SOM,490710.38981228805,492053.06211029016,129.0,130.0
SPM,148.88030127374913,148.88030127374913,191.0,191.0
STP,21182.332183325903,21182.332183325903,180.0,179.0
SUR,321305.94628888083,269443.928019213,138.0,141.0
SVN,894278.231818022,1006287.3577728504,110.0,104.0
SWE,4854384.083893576,4862974.350094237,61.0,61.0
SXM,494654.54680403107,493289.98331734614,128.0,129.0
SYC,417229.17916351225,419076.5155551191,135.0,135.0
SYR,89185.33038608255,108478.67144875266,158.0,157.0
TGO,4304480.605209192,4283926.060307393,62.0,64.0
THA,16573112.902155321,16816489.920571893,33.0,34.0
TKM,43007.40998398359,43195.189997147536,170.0,170.0
TLS,110337.92863040084,110703.6702843391,156.0,156.0
TON,148137.43616369017,148137.43616369017,151.0,151.0
TTO,7297558.382952417,7654287.859842742,48.0,47.0
TUN,927458.7925922655,938483.0197958,107.0,108.0
TUR,25944967.798138343,27242239.42083338,21.0,21.0
TUV,23127.695845633487,23127.695845633487,177.0,177.0
TWN,42792892.046677925,41978159.69517535,15.0,14.0
TZA,2704550.887852237,2698615.697835264,77.0,77.0
UKR,1291826.9301322494,1384130.9532341126,92.0,90.0
URY,8350445.842031305,4334058.484383991,46.0,63.0
USA,205940486.88543078,216111317.94445083,3.0,3.0
VCT,58678.19429819582,58457.63857103916,165.0,165.0
VEN,3354260.029687725,3484948.6460022684,71.0,71.0
VGB,39591.094728721764,39516.21428368332,171.0,172.0
VIR,1026585.0855369017,1026082.6450175026,102.0,103.0
VNM,22425383.19612594,22554177.060002007,23.0,22.0
VUT,325077.63822120155,323853.83609643765,137.0,137.0
WLF,5890.453868210262,5890.453868210262,184.0,184.0
WSM,141274.7165964458,139949.453943333,152.0,152.0
YEM,534502.7993052537,540015.3494721628,126.0,126.0
ZAF,37508337.43082559,37419812.59685059,16.0,15.0
