iso3,income_group,gdp_pc,mean_distance_nm,t_per_musd,t_per_capita,share_pct,resolved,sids,ldc
CHN,Upper middle income,13861.970224368239,966.3566658247204,24.09438673412539,0.3339956714828592,13.150271237956062,True,False,False
MYS,Upper middle income,13124.555417838059,1947.088329083104,665.8246148769482,8.738652056513189,8.800501067897425,True,False,False
USA,High income,90026.51630057443,1606.646093765686,10.087801770356457,0.9081696505159592,8.68855774886492,True,False,False
AUS,High income,65129.72279904866,2485.917357222324,96.93677323034224,6.313465169526432,4.880130815608793,True,False,False
BRA,Upper middle income,10713.28568695044,2446.700565751907,71.8552618353754,0.7698059481530034,4.585704785811712,True,False,False
JPN,High income,35951.04495493088,1040.8272946488637,36.12663356950247,1.2987902275274985,4.485026052482679,True,False,False
KOR,High income,36226.96636374837,1156.855091256262,76.38451379313588,2.767179211895207,4.003372798072741,True,False,False
IND,Lower middle income,2702.4798714157846,1262.7386216994275,26.277229623667395,0.0710136841345317,2.9098534536948497,True,False,False
ESP,High income,38627.24721486472,1262.8330277974922,48.26350263823083,1.864286247862218,2.5755672907869664,True,False,False
ARE,High income,47973.401464360446,1157.2678017821763,163.7102966898457,7.853739786951528,2.5310371732099144,True,False,False
SGP,High income,98813.97881733054,2528.442346393715,139.4283765337645,13.77747264534219,2.356796954460127,True,True,False
EGY,Lower middle income,3085.8071203642567,1848.576622496029,229.1805238060037,0.707206892209376,2.343156672591995,True,False,False
IDN,Upper middle income,5059.625964112797,924.0867753654936,47.78167203097357,0.2417573884166361,1.9335266670513689,True,False,False
TWN,,34400.40345079188,799.7091326070667,72.22770074817244,2.4846620460601945,1.6204382943557087,False,False,False
SAU,High income,34536.65554564607,1297.3146197015783,39.465877103604,1.363019403333971,1.4106560593990844,True,False,False
CAN,High income,55697.66396608557,1280.7978722259704,20.88987670425554,1.163517332966584,1.3565412033439057,True,False,False
ZAF,Upper middle income,6597.714509182998,2787.6442873051847,112.21859849283702,0.740386275476372,1.341862574786651,True,False,False
NLD,High income,73683.91713277243,955.338608297417,35.81165283390096,2.638742859800773,1.3360007415119692,True,False,False
RUS,High income,17847.193741887164,812.589516564218,17.617996059315356,0.3144317890144057,1.2631257036956811,True,False,False
MEX,Upper middle income,13889.23396287446,1369.1166974267685,23.843611309665064,0.3311694959997775,1.2231434918126645,True,False,False
QAT,High income,72524.90663865165,1239.0661287110058,198.56612863440583,14.40098994080878,1.1981203898343895,True,False,False
TUR,Upper middle income,18599.442092237787,624.6085927247212,26.608154449537427,0.4948968278654905,1.189672147433615,True,False,False
GBR,High income,57601.962120195145,763.8021545020911,9.249731612754257,0.5328026899798421,1.0363295010702285,True,False,False
BEL,High income,60750.273586494346,794.6114677889552,49.04620624540761,2.97957044778814,0.9959800768088196,True,False,False
VNM,Upper middle income,5065.990918992359,893.6189989797372,63.88978251215988,0.3236650580229988,0.920473137137916,True,False,False
ITA,High income,43308.64030606737,748.2952899644883,12.43632606326771,0.5386003722030321,0.8882296318705931,True,False,False
THA,Upper middle income,8056.563597615371,1031.6357557342735,52.53027299189151,0.4232134851592709,0.8484394893343461,True,False,False
COL,Upper middle income,8561.620918553424,1603.1665197807563,64.29051551887095,0.5504310225309491,0.8231528499899177,True,False,False
FRA,High income,48985.73078078764,904.7515734070782,8.33860982623662,0.4084728960340575,0.7857355728619625,True,False,False
LKA,Upper middle income,5002.079043528222,1822.4851257835787,234.37404592477924,1.1723575034672593,0.713948701457308,True,False,False
CHL,High income,17994.59119575551,1745.5038976163305,70.63163936788752,1.270987475911167,0.7065561455537871,True,False,False
DEU,High income,60496.435082040756,592.2708962754702,4.745353142878723,0.2870769483495207,0.6709144867183886,True,False,False
ARG,Upper middle income,14898.088594392953,1307.3761096998855,34.54176049400831,0.5146062080460383,0.6604733580848083,True,False,False
NGA,Lower middle income,1224.254102376959,1353.207001960572,78.04604577725921,0.0955481917171095,0.6352794048657826,True,False,False
MAR,Lower middle income,4745.526842475443,1139.6322924478272,121.79508256113613,0.5779818335753842,0.621757689409532,True,False,False
OMN,High income,19947.396622667224,1411.086744244135,200.98571391098912,4.009141750872426,0.6166270562935204,True,False,False
PHL,Upper middle income,4170.723472710935,956.7971778479298,44.402617509032005,0.1851910390947253,0.605399726163036,True,False,False
PER,Upper middle income,9684.411703152979,1548.2671043348814,62.583246123224974,0.6060819211770632,0.5866003561907736,True,False,False
NZL,High income,49591.04057317783,1658.6383127195304,68.91692528970917,3.4176620382206324,0.5093920340415703,True,False,False
GRC,High income,26948.00704323676,828.3707487724907,61.6158081153841,1.6604232310680953,0.4840193009500489,True,False,False
PAN,High income,19789.73085558265,1722.4444416783915,190.61254878721803,3.7721710381956624,0.4826679310252176,True,False,False
MUS,Upper middle income,12991.293598908454,3306.319870913012,905.511415441364,11.763764655161925,0.4095473961191884,True,True,False
MLT,High income,47906.90000586506,1100.8813034750578,515.7871033931248,24.70976118656921,0.4009615568626284,True,False,False
PRT,High income,32081.81061504575,909.9366715884275,41.29168647522147,1.324712065473901,0.4006535254406042,True,False,False
BGD,Lower middle income,2597.3435233551477,1396.8021746550887,25.695654771764374,0.066740442499812,0.328213431351791,True,False,True
IRQ,Upper middle income,5409.678997159851,890.8673916495137,42.75141695132496,0.2312714423804062,0.3043965130446198,True,False,False
AGO,Lower middle income,3129.4766233199716,1820.3460451490216,88.9858226957842,0.2784790519333524,0.3043201189937862,False,False,True
KWT,High income,32312.311995277578,1273.960997389972,67.77059952559044,2.1898247559778885,0.2982268199963946,True,False,False
GIN,Lower middle income,1877.2541220778362,3354.572468521604,371.9226760135012,0.6981933766405648,0.2951023789043595,False,False,True
TTO,High income,18967.270463325545,1688.3223628990795,373.39549895790856,7.082293418523043,0.2711521015843166,True,True,False
DNK,High income,76970.15352172655,920.1744947604352,20.92890073748184,1.610900702804953,0.2709636785779591,True,False,False
DOM,Upper middle income,11059.208153179636,1217.1333311951698,74.91021958127972,0.8284477111497656,0.267155322553464,True,True,False
PAK,Lower middle income,1595.9091225275004,1004.3528625015002,22.57251321679523,0.036023679761056,0.2573533993179757,True,False,False
ECU,Upper middle income,7125.276185277379,1250.557602415921,70.29043897597927,0.500838790888238,0.2564112553330978,True,False,False
SWE,High income,63133.21267366387,623.8601543041246,12.624102673823549,0.7970001589206708,0.2364033677286864,True,False,False
NOR,High income,94594.19295742015,608.197625439094,15.611253710509672,1.4767339457991933,0.2319318302446434,True,False,False
TGO,Lower middle income,1383.8997492442059,1186.3755838273958,669.6043635318707,0.926665310784582,0.2228569383610226,False,False,True
GHA,Lower middle income,3257.158890365669,1657.6018473173883,65.19699339444392,0.2123569666598248,0.208429520887971,True,False,False
MOZ,Low income,626.9144192103577,1664.9873691108742,332.320087089399,0.208336254389586,0.2077919471150984,False,False,True
DZA,Upper middle income,6051.003227047395,829.0041672840174,25.444106087385475,0.1539623680441057,0.204429814303788,True,False,False
BHS,High income,39284.12809869167,1363.7160645241709,460.1851812032978,18.07797360750999,0.2039474341063816,False,True,False
JAM,Upper middle income,8002.921040916408,1246.9112895196415,311.6697464709471,2.494268371849425,0.1980807141875612,False,True,False
CIV,Lower middle income,3050.102022567138,1536.6605932553257,62.041573571021935,0.1892331290322219,0.1732711047705789,True,False,False
ISR,High income,60336.84779645948,805.1022521614522,9.806173111595616,0.5916735745000782,0.1676527648552032,True,False,False
GTM,Upper middle income,6598.180329861903,1052.9808015832743,48.35940525179406,0.3190840764962079,0.1669141219673826,True,False,False
URY,High income,25215.82381537087,1416.9613625693562,69.03601026062216,1.740799871647984,0.164928374298046,True,False,False
PNG,Lower middle income,3019.5309140720315,1266.0278885524997,179.12294766936765,0.5408672779073623,0.1629463190587454,False,True,False
POL,High income,28419.5777395517,671.4488671078274,4.997034197305674,0.1420136018375269,0.1448394508344264,True,False,False
COG,Lower middle income,2514.7339358837166,1540.1406367307357,314.3409494163605,0.7904838529352285,0.1434805949327516,False,False,False
CRI,High income,19970.098905869454,1181.4826978658004,49.639925670915225,0.9913142253281853,0.1429865400224455,True,False,False
KEN,Lower middle income,2362.8609119893345,2153.178167885552,35.946653075791104,0.0849369414696279,0.1367847566177069,True,False,False
NAM,Lower middle income,4875.925581735221,2815.9174062993584,310.5283156563155,1.5141129581617785,0.1310811522017044,True,False,False
VEN,Lower middle income,3494.813887037355,1068.7613930054424,46.093261526736406,0.161087370482483,0.1285853924224216,True,False,False
CMR,Lower middle income,1972.3815800865996,1388.5788753757613,75.85237199228426,0.1496098213234581,0.1251292816455502,True,False,False
IRN,Upper middle income,3924.380178215032,884.2274736642981,12.313128347731777,0.0483213968196561,0.1250035759939613,True,False,False
SEN,Lower middle income,1954.7117419289682,1685.100963904451,114.65433772121736,0.2241161802067529,0.1187672821195124,False,False,True
FIN,High income,56148.580949115516,523.8134893868838,12.748481944664654,0.7158091704483408,0.1131356713750549,True,False,False
DJI,Lower middle income,3905.60495441171,1425.8736854997514,844.4983617376379,3.298276985595091,0.1093187339551402,False,False,True
TZA,Lower middle income,1277.7998553139862,1869.87767872036,40.48331921550593,0.0517295794362034,0.1021500070683287,True,False,True
BRN,High income,32234.642836617844,1214.842999778988,235.46078255407184,7.589994227661045,0.0990746830208827,True,False,False
GNQ,Upper middle income,6615.252452112043,1957.1069281899493,271.6872586430761,1.7972798039462083,0.0975200535764039,True,False,False
IRL,High income,131592.46254782,686.6801742536487,4.052751995724121,0.5333116152129291,0.0818720079740395,True,False,False
LBY,Upper middle income,6448.824150790602,699.5505375230246,59.668137523540224,0.3847893262945011,0.0803351490297413,False,False,False
GAB,Upper middle income,8263.033215843401,1762.831182933587,124.8196280212914,1.0313887323291484,0.0748642645596093,True,False,False
JOR,Upper middle income,5347.777313829631,1153.4278687779613,40.3463660168832,0.2157633808805547,0.0695799149673179,True,False,False
BHR,High income,30596.579489941676,867.9854810919651,45.74397092670881,1.399609042644627,0.0626980373694029,True,False,False
UKR,Upper middle income,5495.927304138882,556.2597272648328,10.350704573449889,0.0568867198822984,0.0620704376121553,True,False,False
COD,Low income,806.7760007085903,1191.82815253528,24.35858887966737,0.0196519249192427,0.0620679059789342,False,False,True
HND,Lower middle income,3598.2145043772175,629.8830465676849,54.74704104274622,0.1969915971517442,0.0606874907832873,True,False,False
LTU,High income,32958.670639516975,753.1003488713517,22.38588386684683,0.7378089733418811,0.0596602941096193,True,False,False
EST,High income,34417.63208181635,633.9437108398355,40.49849329863874,1.3938622422204532,0.0533150026190355,True,False,False
SVN,High income,37376.221607744024,1180.2898092894231,22.91141100155575,0.856341974940252,0.0510805681573135,True,False,False
MMR,Lower middle income,1488.8752783741043,1165.7475717961431,21.977206825102403,0.0327213199296096,0.0502389399665913,False,False,True
MRT,Lower middle income,2197.510462430845,1372.8583107354164,151.76313712400136,0.33350108164132,0.0496173673535088,False,False,True
ROU,High income,22537.953210813874,481.1909074695007,4.0469452665642764,0.0912098630645503,0.0485608628257908,True,False,False
CYP,High income,30075.263137660004,675.0949850669475,41.58875359732296,1.250792708006792,0.0479924314283914,True,False,False
LBN,Lower middle income,4440.036619179916,496.7370399769444,63.0973513690488,0.2801545506518386,0.0458710257413384,False,False,False
LVA,High income,26311.973070460037,683.3977751311166,32.93629115993709,0.8666188060410959,0.0448236725620268,True,False,False
BEN,Lower middle income,1658.2731266613835,1065.336345983075,64.61608619222872,0.1071511192826085,0.0444334902230546,False,False,True
TUN,Lower middle income,4656.638183861406,810.0564354953731,25.95241290195909,0.1208509968826,0.0417729264318262,True,False,False
HRV,High income,27103.911610855994,786.3460993897933,14.144167283648526,0.3833622598651707,0.04159521985916,True,False,False
SLE,Low income,846.2961724502862,666.5033311455372,195.8280319229141,0.1657285138748346,0.0409150953932306,False,False,True
ISL,High income,98323.48495173342,709.5914282462143,37.478752114648245,3.685041519554364,0.0404765698654953,False,False,False
CUB,Upper middle income,9815.306527637826,1214.0312874773738,12.191127959884346,0.1196596578439208,0.0366337957819704,False,True,False
MDG,Low income,599.2652942617743,1173.0745546356495,63.98497328513559,0.0383439738440485,0.0351408837149695,True,False,True
FJI,Upper middle income,6642.004494435002,938.307192165891,193.69146690815336,1.286499593737663,0.0336039914784645,False,True,False
SDN,Low income,1164.539959479423,1167.2598656606892,19.814201226903563,0.0230744290938954,0.0333680867454313,False,False,True
SLV,Upper middle income,5766.725740291065,1027.131263394299,31.61188952684124,0.1822970970336729,0.0324818211314779,True,False,False
KHM,Lower middle income,2872.4292664010977,736.6856472502819,19.74749074293255,0.0567232703479842,0.0283385922017756,False,False,True
CPV,Upper middle income,5796.4720779935,1785.6761602688014,327.4312843416905,1.897946297148159,0.0280150237632177,False,True,False
LBR,Low income,915.3289726455479,1459.7249323322203,166.37078961399845,0.1522840039356097,0.0244302660372884,False,False,True
BGR,High income,20328.166706615048,441.5124763750545,6.206292947098734,0.1261625576587123,0.022719162312787,True,False,False
NIC,Lower middle income,3173.3372481377814,859.9351406849761,34.519683770578446,0.1095425983031138,0.0214869196036006,True,False,False
MDV,Upper middle income,14614.72081234566,1398.7841888429505,97.52269179116573,1.425266913396321,0.0211316976914165,False,True,False
YEM,Low income,517.2170192817626,904.5930694491784,34.1045912420575,0.0176394750260398,0.0206261580071912,False,False,True
HTI,Lower middle income,2694.1896909944026,836.744843254601,21.506465898495904,0.0579424987134503,0.0193105415663613,False,True,True
SOM,Low income,661.1738777095946,1138.529355414662,52.91724801940045,0.0349875020707073,0.0192489971743181,False,False,True
GEO,Upper middle income,9691.534724117237,552.2408405808119,17.99100358031584,0.1743604359203485,0.0192090154684532,True,False,False
SLB,Lower middle income,2086.189559348711,1665.3200946658524,374.6485028544994,0.7815877950806825,0.0183477925685456,False,True,True
GUY,High income,32413.793075482125,764.9672505886394,23.09821463274163,0.7487007495187605,0.017520042804232,False,True,False
SYC,High income,19449.383630734133,1655.2502016806104,226.01153123564717,4.395784975971751,0.0151013253754688,False,True,False
BRB,High income,28364.81814997364,607.2154387978459,54.87895791098969,1.5566316614052798,0.0123146267221738,False,True,False
COM,Lower middle income,2055.759215356681,1411.4864571519186,238.79455914776216,0.4909041155450481,0.0121313744821898,False,True,True
LCA,Upper middle income,14745.81842807898,431.7821734057352,143.02760652717768,2.109059116052486,0.010635269492827,False,True,False
VUT,Lower middle income,4038.735208208396,933.7221956573118,277.52733868669293,1.1208594339943228,0.0105158137525181,False,True,False
MHL,Upper middle income,8489.057935064218,1446.6540282273652,1158.0925617886885,9.831114851191115,0.0099843978758339,False,True,False
GMB,Low income,919.060423593411,1147.671006760042,130.62765486229475,0.1200547078107545,0.0094837130956877,False,False,True
SUR,Upper middle income,7069.872309134954,832.3087314078552,74.10144903892737,0.5238877826270875,0.0093830565841351,False,True,False
FSM,Upper middle income,4414.007371374788,895.2611098581099,573.5201817804159,2.531522310010964,0.0080557350749766,False,True,False
ALB,Upper middle income,12998.147869406446,580.4279602020418,9.248894403679216,0.1202184970875482,0.0079065936907445,True,False,False
ASM,High income,18922.852983988356,933.4850901369666,323.88238660853915,6.128778785896665,0.007896477028536,False,False,False
BLZ,Upper middle income,7865.479376909327,999.415949897993,68.97693376436227,0.5425366500060321,0.0064227246400194,False,True,False
KIR,Lower middle income,2558.666358947307,2052.427576753634,590.6650338934019,1.5113147516295182,0.0057740066785265,False,True,True
WSM,Upper middle income,5872.783334701285,630.6546196481912,143.81220407158753,0.8445779153982795,0.0051846342583986,False,True,False
ATG,High income,24819.24546487066,456.4130967220072,79.07160083809238,1.9624974705008875,0.0051752268346078,False,True,False
MNE,Upper middle income,14816.838030327588,634.8170701537517,19.37665034002582,0.2871006896584546,0.0050077205976534,False,False,False
TON,Upper middle income,6547.186472209905,811.0362862173725,258.3840053137344,1.691688264225494,0.0049125031661337,False,True,False
SYR,Low income,926.5120618013119,448.737161884908,7.00101859772776,0.00648652817569,0.0046518592181482,True,False,False
TLS,Lower middle income,1340.9640194653994,1214.0231005488706,71.82515186687803,0.0963149443461215,0.0038243366314681,False,True,True
ERI,Low income,572.4978953441403,1468.6853622703015,60.24335227347484,0.0344891923850399,0.0034822297284814,False,False,True
GNB,Low income,1123.7667999546568,1299.3930367646117,41.298422482843726,0.0464097960767207,0.0029223110756642,False,True,True
PLW,High income,19532.35577195267,1052.8066572581777,270.137835834552,5.276428316985815,0.0026087496380503,False,True,False
GRD,Upper middle income,12106.87901417696,212.8513651704341,60.290907747730536,0.729934725756678,0.002396740611911,False,True,False
VCT,Upper middle income,12561.76916456507,193.21091767298503,54.48541247006738,0.6844331742851015,0.0019143826635592,False,True,False
KNA,High income,25223.025766165127,321.38733872500995,57.30214599124361,1.4453335047936933,0.0018983333433563,False,True,False
TKM,Upper middle income,6540.178764057081,220.5151413431796,0.9688010239221,0.006336131883252,0.0013512675608696,False,False,False
STP,Lower middle income,4084.400621841884,1230.9110132338396,49.12397552220277,0.2006419961702304,0.0013493367767476,False,True,True
DMA,Upper middle income,10989.043114572421,254.74154073906604,65.83518695280932,0.7234657078803574,0.0013339516776288,False,True,False
AZE,Upper middle income,7410.722816618646,178.79524629278112,0.5921508678758263,0.0043882659474479,0.0012586859862221,False,False,False
TUV,Upper middle income,6041.449115044248,1492.5913562444982,513.1793149040459,3.1003467178860618,0.0008237508667863,False,True,True
NRU,High income,14639.504698544699,2459.38548081747,166.75792789383698,2.4412534689214045,0.0008217237680115,False,True,False
KAZ,Upper middle income,14692.133175722569,217.03355429393815,0.0446647584568205,0.000656220579509,0.0003828720604242,False,False,False
PRY,Upper middle income,7026.6190614164,205.0019250370045,0.0631083656241954,0.0004434384448298,8.705022583545516e-05,True,False,False
MDA,Upper middle income,8621.717216113182,438.0845828623148,0.0070410238529003,6.07057165716147e-05,4.011127368446188e-06,False,False,False
