iso3,share_pct,resolved,sids,ldc,population,t_per_capita,t_per_musd,net_all,net_developing,net_sids_ldc
CHN,13.150271237956062,True,False,False,1406585000.0,0.3339956714828592,24.09438673412539,13.768149315124306,23.926717536935104,-33.399567148285925
MYS,8.800501067897425,True,False,False,35977838.0,8.738652056513189,665.8246148769482,-826.6974891879086,-816.5389209660977,-873.8652056513189
USA,8.68855774886492,True,False,False,341784857.0,0.9081696505159592,10.087801770356457,-43.64924858818569,-90.81696505159591,-90.81696505159591
AUS,4.880130815608793,True,False,False,27614411.0,6.313465169526432,96.93677323034224,-584.1788004892329,-631.3465169526431,-631.3465169526431
BRA,4.585704785811712,True,False,False,212812405.0,0.7698059481530034,71.8552618353754,-29.812878351890117,-19.65431013007932,-76.98059481530035
JPN,4.485026052482679,True,False,False,123366734.0,1.2987902275274985,36.12663356950247,-82.71130628933959,-129.87902275274982,-129.87902275274982
KOR,4.003372798072741,True,False,False,51684564.0,2.767179211895207,76.38451379313588,-229.5502047261105,-276.7179211895207,-276.7179211895207
IND,2.9098534536948497,True,False,False,1463865525.0,0.0710136841345317,26.277229623667395,40.06634804995706,50.22491627176785,-7.101368413453171
ESP,2.5755672907869664,True,False,False,49355143.0,1.864286247862218,48.26350263823083,-139.26090832281156,-186.4286247862218,-186.4286247862218
ARE,2.5310371732099144,True,False,False,11513149.0,7.853739786951528,163.7102966898457,-738.2062622317425,-785.3739786951527,-785.3739786951527
SGP,2.356796954460127,True,True,False,6111175.0,13.77747264534219,139.4283765337645,-1330.5795480708089,-1377.747264534219,-934.3912930318246
EGY,2.343156672591995,True,False,False,118365995.0,0.707206892209376,229.1805238060037,-23.552972757527375,-13.394404535716577,-70.7206892209376
IDN,1.9335266670513689,True,False,False,285721236.0,0.2417573884166361,47.78167203097357,22.99197762174661,33.15054584355742,-24.17573884166362
TWN,1.6204382943557087,False,False,False,23299000.0,2.4846620460601945,72.22770074817244,-201.2984881426092,-191.1399199207984,-248.4662046060194
SAU,1.4106560593990844,True,False,False,36973555.0,1.363019403333971,39.465877103604,-89.1342238699869,-136.30194033339714,-136.30194033339714
CAN,1.3565412033439057,True,False,False,41651653.0,1.163517332966584,20.88987670425554,-69.18401683324818,-116.35173329665842,-116.35173329665842
ZAF,1.341862574786651,True,False,False,64747319.0,0.740386275476372,112.21859849283702,-26.87091108422697,-16.712342862416172,-74.0386275476372
NLD,1.3360007415119692,True,False,False,18087633.0,2.638742859800773,35.81165283390096,-216.70656951666703,-263.8742859800773,-263.8742859800773
RUS,1.2631257036956811,True,False,False,143513328.0,0.3144317890144057,17.617996059315356,15.724537561969672,-31.443178901440564,-31.443178901440564
MEX,1.2231434918126645,True,False,False,131946900.0,0.3311694959997775,23.843611309665064,14.050766863432479,24.209335085243275,-33.11694959997775
QAT,1.1981203898343895,True,False,False,2972215.0,14.40098994080878,198.56612863440583,-1392.9312776174675,-1440.0989940808777,-1440.0989940808777
TUR,1.189672147433615,True,False,False,85878556.0,0.4948968278654905,26.608154449537427,-2.3219663231388155,7.836601898671986,-49.489682786549054
GBR,1.0363295010702285,True,False,False,69487000.0,0.5328026899798421,9.249731612754257,-6.112552534573979,-53.28026899798421,-53.28026899798421
BEL,0.9959800768088196,True,False,False,11941781.0,2.97957044778814,49.04620624540761,-250.7893283154037,-297.95704477881395,-297.95704477881395
VNM,0.920473137137916,True,False,False,101598527.0,0.3236650580229988,63.88978251215988,14.801210661110352,24.959778882921146,-32.36650580229988
ITA,0.8882296318705931,True,False,False,58915656.0,0.5386003722030321,12.43632606326771,-6.6923207568929755,-53.860037220303205,-53.860037220303205
THA,0.8484394893343461,True,False,False,71619863.0,0.4232134851592709,52.53027299189151,4.8463679474831425,15.004936169293938,-42.32134851592709
COL,0.8231528499899177,True,False,False,53425635.0,0.5504310225309491,64.29051551887095,-7.875385789684677,2.2831824321261243,-55.04310225309491
FRA,0.7857355728619625,True,False,False,68720337.0,0.4084728960340575,8.33860982623662,6.320426860004478,-40.847289603405756,-40.847289603405756
LKA,0.713948701457308,True,False,False,21756000.0,1.1723575034672593,234.37404592477924,-70.06803388331569,-59.909465661504896,-117.23575034672592
CHL,0.7065561455537871,True,False,False,19859921.0,1.270987475911167,70.63163936788752,-79.93103112770648,-127.0987475911167,-127.0987475911167
DEU,0.6709144867183886,True,False,False,83491249.0,0.2870769483495207,4.745353142878723,18.46002162845816,-28.707694834952065,-28.707694834952065
ARG,0.6604733580848083,True,False,False,45851378.0,0.5146062080460383,34.54176049400831,-4.292904341193592,5.865663880617213,-51.46062080460382
NGA,0.6352794048657826,True,False,False,237527782.0,0.0955481917171095,78.04604577725921,37.61289729169928,47.77146551351008,-9.554819171710953
MAR,0.621757689409532,True,False,False,38430770.0,0.5779818335753842,121.79508256113613,-10.630466894128189,-0.4718986723173949,-57.79818335753842
OMN,0.6166270562935204,True,False,False,5494691.0,4.009141750872426,200.98571391098912,-353.7464586238324,-400.9141750872426,-400.9141750872426
PHL,0.605399726163036,True,False,False,116786962.0,0.1851910390947253,44.402617509032005,28.648612553937703,38.8071807757485,-18.51910390947253
PER,0.5866003561907736,True,False,False,34576665.0,0.6060819211770632,62.583246123224974,-13.440475654296076,-3.281907432485276,-60.60819211770631
NZL,0.5093920340415703,True,False,False,5324700.0,3.4176620382206324,68.91692528970917,-294.59848735865296,-341.7662038220632,-341.7662038220632
GRC,0.4840193009500489,True,False,False,10413962.0,1.6604232310680953,61.6158081153841,-118.87460664339932,-166.04232310680953,-166.04232310680953
PAN,0.4826679310252176,True,False,False,4571189.0,3.7721710381956624,190.61254878721803,-330.049387356156,-377.2171038195662,-377.2171038195662
MUS,0.4095473961191884,True,True,False,1243741.0,11.763764655161925,905.511415441364,-1129.2087490527822,-1119.0501808309712,-733.0204940137977
MLT,0.4009615568626284,True,False,False,579704.0,24.70976118656921,515.7871033931248,-2423.8084021935106,-2470.976118656921,-2470.976118656921
PRT,0.4006535254406042,True,False,False,10804871.0,1.324712065473901,41.29168647522147,-85.30349008397985,-132.47120654739007,-132.47120654739007
BGD,0.328213431351791,True,False,True,175686899.0,0.066740442499812,25.695654771764374,40.49367221342903,50.65224043523983,436.6819272524133
IRQ,0.3043965130446198,True,False,False,47020774.0,0.2312714423804062,42.75141695132496,24.040572225369612,34.19914044718041,-23.12714423804062
AGO,0.3043201189937862,False,False,True,39040039.0,0.2784790519333524,88.9858226957842,19.319811270075,29.47837949188579,415.50806630905925
KWT,0.2982268199963946,True,False,False,4865298.0,2.1898247559778885,67.77059952559044,-171.81475913437865,-218.98247559778886,-218.98247559778886
GIN,0.2951023789043595,False,False,True,15099727.0,0.6981933766405648,371.9226760135012,-22.651621200646233,-12.493052978835433,373.53663383833805
TTO,0.2711521015843166,True,True,False,1367764.0,7.082293418523043,373.39549895790856,-661.0616253888942,-708.2293418523044,-264.87337034991
DNK,0.2709636785779591,True,False,False,6009169.0,1.610900702804953,20.92890073748184,-113.92235381708505,-161.0900702804953,-161.0900702804953
DOM,0.267155322553464,True,True,False,11520487.0,0.8284477111497656,74.91021958127972,-35.67705465156631,-25.518486429755516,360.51120038741794
PAK,0.2573533993179757,True,False,False,255219554.0,0.036023679761056,22.57251321679523,43.565348487304625,53.72391670911543,-3.602367976105608
ECU,0.2564112553330978,True,False,False,18289896.0,0.500838790888238,70.29043897597927,-2.9161626254135653,7.242405596397232,-50.0838790888238
SWE,0.2364033677286864,True,False,False,10596620.0,0.7970001589206708,12.624102673823549,-32.532299428656835,-79.70001589206706,-79.70001589206706
NOR,0.2319318302446434,True,False,False,5610870.0,1.4767339457991933,15.611253710509672,-100.50567811650905,-147.6733945799193,-147.6733945799193
TGO,0.2228569383610226,False,False,True,8591626.0,0.926665310784582,669.6043635318707,-45.49881461504796,-35.340246393237166,350.6894404239363
GHA,0.208429520887971,True,False,False,35064272.0,0.2123569666598248,65.19699339444392,25.932019797427753,36.09058801923855,-21.235696665982484
MOZ,0.2077919471150984,False,False,True,35631653.0,0.208336254389586,332.320087089399,26.334091024451634,36.49265924626243,422.5223460634359
DZA,0.204429814303788,True,False,False,47435312.0,0.1539623680441057,25.444106087385475,31.77147965899966,41.930047880810456,-15.396236804410574
BHS,0.2039474341063816,False,True,False,403033.0,18.07797360750999,460.1851812032978,-1760.629644287588,-1807.7973607509985,-1364.4413892486039
JAM,0.1980807141875612,False,True,False,2837077.0,2.494268371849425,311.6697464709471,-202.2591207215322,-192.10055249972137,193.9291343174521
CIV,0.1732711047705789,True,False,False,32711547.0,0.1892331290322219,62.041573571021935,28.244403560188047,38.40297178199884,-18.923312903222183
ISR,0.1676527648552032,True,False,False,10122800.0,0.5916735745000782,9.806173111595616,-11.999640986597592,-59.16735745000783,-59.16735745000783
GTM,0.1669141219673826,True,False,False,18687881.0,0.3190840764962079,48.35940525179406,15.259308813789444,25.417877035600245,-31.908407649620784
URY,0.164928374298046,True,False,False,3384688.0,1.740799871647984,69.03601026062216,-126.9122707013881,-174.07998716479833,-174.07998716479833
PNG,0.1629463190587454,False,True,False,10762817.0,0.5408672779073623,179.12294766936765,-6.919011327326003,3.239556894484802,389.2692437116582
POL,0.1448394508344264,True,False,False,36435861.0,0.1420136018375269,4.997034197305674,32.966356279657546,-14.201360183752687,-14.201360183752687
COG,0.1434805949327516,False,False,False,6484437.0,0.7904838529352285,314.3409494163605,-31.880668830112597,-21.722100608301798,-79.04838529352284
CRI,0.1429865400224455,True,False,False,5152950.0,0.9913142253281853,49.639925670915225,-51.963706069408275,-99.13142253281852,-99.13142253281852
KEN,0.1367847566177069,True,False,False,57532493.0,0.0849369414696279,35.946653075791104,38.67402231644744,48.83259053825823,-8.493694146962792
NAM,0.1310811522017044,True,False,False,3092816.0,1.5141129581617785,310.5283156563155,-104.24357935276754,-94.08501113095673,-151.41129581617776
VEN,0.1285853924224216,True,False,False,28516896.0,0.161087370482483,46.093261526736406,31.058979415161943,41.21754763697274,-16.10873704824829
CMR,0.1251292816455502,True,False,False,29879337.0,0.1496098213234581,75.85237199228426,32.20673433106441,42.36530255287521,-14.96098213234582
IRN,0.1250035759939613,True,False,False,92417681.0,0.0483213968196561,12.313128347731777,42.33557678144461,52.49414500325541,-4.832139681965618
SEN,0.1187672821195124,False,False,True,18931966.0,0.2241161802067529,114.65433772121736,24.756098442734938,34.91466666454574,420.9443534817192
FIN,0.1131356713750549,True,False,False,5646436.0,0.7158091704483408,12.748481944664654,-24.41320058142384,-71.58091704483408,-71.58091704483408
DJI,0.1093187339551402,False,False,True,1184076.0,3.298276985595091,844.4983617376379,-282.65998209609876,-272.50141387428795,113.52827294288548
TZA,0.1021500070683287,True,False,True,70545865.0,0.0517295794362034,40.48331921550593,41.9947585197899,52.153326741600694,438.1830135587742
BRN,0.0990746830208827,True,False,False,466330.0,7.589994227661045,235.46078255407184,-711.8317063026941,-758.9994227661043,-758.9994227661043
GNQ,0.0975200535764039,True,False,False,1938431.0,1.7972798039462083,271.6872586430761,-132.56026393121047,-122.40169570939968,-179.72798039462072
IRL,0.0818720079740395,True,False,False,5484367.0,0.5333116152129291,4.052751995724121,-6.1634450578826385,-53.33116152129287,-53.33116152129287
LBY,0.0803351490297413,False,False,False,7458555.0,0.3847893262945011,59.668137523540224,8.688783833960136,18.84735205577094,-38.47893262945009
GAB,0.0748642645596093,True,False,False,2593130.0,1.0313887323291484,124.8196280212914,-55.97115676950459,-45.8125885476938,-103.13887323291482
JOR,0.0695799149673179,True,False,False,11520684.0,0.2157633808805547,40.3463660168832,25.591378375354783,35.74994659716558,-21.57633808805545
BHR,0.0626980373694029,True,False,False,1600366.0,1.399609042644627,45.74397092670881,-92.79318780105235,-139.96090426446258,-139.96090426446258
UKR,0.0620704376121553,True,False,False,38980376.0,0.0568867198822984,10.350704573449889,41.479044475180395,51.63761269699119,-5.688671988229839
COD,0.0620679059789342,False,False,True,112832473.0,0.0196519249192427,24.35858887966737,45.20252397148595,55.36109219329675,441.39077901047017
HND,0.0606874907832873,True,False,False,11005850.0,0.1969915971517442,54.74704104274622,27.468556748235837,37.62712497004663,-19.6991597151744
LTU,0.0596602941096193,True,False,False,2888774.0,0.7378089733418811,22.38588386684683,-26.613180870777786,-73.78089733418801,-73.78089733418801
EST,0.0533150026190355,True,False,False,1366475.0,1.3938622422204532,40.49849329863874,-92.21850775863481,-139.38622422204503,-139.38622422204503
SVN,0.0510805681573135,True,False,False,2130986.0,0.856341974940252,22.91141100155575,-38.46648103061491,-85.63419749402514,-85.63419749402514
MMR,0.0502389399665913,False,False,True,54850648.0,0.0327213199296096,21.977206825102403,43.89558447044927,54.054152692260075,440.0838395094335
MRT,0.0496173673535088,False,False,True,5315065.0,0.33350108164132,151.76313712400136,13.817608299278275,23.97617652108907,410.0058633382625
ROU,0.0485608628257908,True,False,False,19020271.0,0.0912098630645503,4.0469452665642764,38.046730156955206,-9.120986306455027,-9.120986306455027
CYP,0.0479924314283914,True,False,False,1370754.0,1.250792708006792,41.58875359732296,-77.91155433726874,-125.07927080067897,-125.07927080067897
LBN,0.0458710257413384,False,False,False,5849421.0,0.2801545506518386,63.0973513690488,19.152261398226408,29.3108296200372,-28.015455065183826
LVA,0.0448236725620268,True,False,False,1847785.0,0.8666188060410959,32.93629115993709,-39.494164140699304,-86.66188060410954,-86.66188060410954
BEN,0.0444334902230546,False,False,True,14814460.0,0.1071511192826085,64.61608619222872,36.45260453514937,46.61117275696017,432.64085957413363
TUN,0.0417729264318262,True,False,False,12348573.0,0.1208509968826,25.95241290195909,35.08261677515024,45.241184996961046,-12.085099688259985
HRV,0.04159521985916,True,False,False,3876200.0,0.3833622598651707,14.144167283648526,8.831490476893197,-38.336225986517036,-38.336225986517036
SLE,0.0409150953932306,False,False,True,8819794.0,0.1657285138748346,195.8280319229141,30.594865075926776,40.75343329773757,426.78312011491096
ISL,0.0404765698654953,False,False,False,392404.0,3.685041519554364,37.478752114648245,-321.33643549202566,-368.5041519554359,-368.5041519554359
CUB,0.0366337957819704,False,True,False,10937203.0,0.1196596578439208,12.191127959884346,35.20175067901817,45.360318900828965,431.3900057180024
MDG,0.0351408837149695,True,False,True,32740678.0,0.0383439738440485,63.98497328513559,43.33331907900538,53.491887300816174,439.52157411798964
FJI,0.0336039914784645,False,True,False,933154.0,1.286499593737663,193.69146690815336,-81.48224291035594,-71.32367468854514,314.7060121286284
SDN,0.0333680867454313,False,False,True,51662147.0,0.0230744290938954,19.814201226903563,44.86027355402069,55.0188417758315,441.04852859300485
SLV,0.0324818211314779,True,False,False,6365503.0,0.1822970970336729,31.61188952684124,28.938006760042946,39.09657498185375,-18.229709703367284
KHM,0.0283385922017756,False,False,True,17847982.0,0.0567232703479842,19.74749074293255,41.49538942861183,51.65395765042263,437.6836444675961
CPV,0.0280150237632177,False,True,False,527326.0,1.897946297148159,327.4312843416905,-142.6269132514051,-132.46834502959433,253.5613417875791
LBR,0.0244302660372884,False,False,True,5731206.0,0.1522840039356097,166.37078961399845,31.939316069849312,42.097884291660115,428.12757110883354
BGR,0.022719162312787,True,False,False,6433302.0,0.1261625576587123,6.206292947098734,34.551460697539056,-12.616255765871182,-12.616255765871182
NIC,0.0214869196036006,True,False,False,7007502.0,0.1095425983031138,34.519683770578446,36.2134566330989,46.372024854909704,-10.954259830311335
MDV,0.0211316976914165,False,True,False,529676.0,1.425266913396321,97.52269179116573,-95.35897487622128,-85.20040665441049,300.8292801627629
YEM,0.0206261580071912,False,False,True,41773878.0,0.0176394750260398,34.1045912420575,45.40376896080625,55.56233718261705,441.5920239997905
HTI,0.0193105415663613,False,True,True,11906095.0,0.0579424987134503,21.506465898495904,41.37346659206521,51.53203481387601,437.56172163104947
SOM,0.0192489971743181,False,False,True,19654739.0,0.0349875020707073,52.91724801940045,43.66896625633951,53.827534478150305,439.8572212953237
GEO,0.0192090154684532,True,False,False,3935766.0,0.1743604359203485,17.99100358031584,29.731672871375423,39.89024109318622,-17.436043592034807
SLB,0.0183477925685456,False,True,True,838645.0,0.7815877950806825,374.6485028544994,-30.991063044657878,-20.832494822847078,365.1971919943264
GUY,0.017520042804232,False,True,False,835986.0,0.7487007495187605,23.09821463274163,-27.702358488465787,-74.87007495187602,368.4858965505184
SYC,0.0151013253754688,False,True,False,122730.0,4.395784975971751,226.01153123564717,-392.4107811337634,-439.5784975971736,3.7774739052208255
BRB,0.0123146267221738,False,True,False,282623.0,1.5566316614052798,54.87895791098969,-108.49544967711708,-155.66316614052732,287.69280536186716
COM,0.0121313744821898,False,True,True,882847.0,0.4909041155450481,238.79455914776216,-1.9226950910943854,8.235873130716412,394.2655599478898
LCA,0.010635269492827,False,True,False,180149.0,2.109059116052486,143.02760652717768,-163.73819514183657,-153.57962692002576,232.45005989714767
VUT,0.0105158137525181,False,True,False,335169.0,1.1208594339943228,277.52733868669293,-64.91822693602167,-54.75965871421088,331.2700281029626
MHL,0.0099843978758339,False,True,False,36282.0,9.831114851191115,1158.0925617886885,-935.9437686557009,-925.78520043389,-539.7555136167166
GMB,0.0094837130956877,False,False,True,2822093.0,0.1200547078107545,130.62765486229475,35.16224568233487,45.32081390414567,431.3505007213191
SUR,0.0093830565841351,False,True,False,639850.0,0.5238877826270875,74.10144903892737,-5.221061799298301,4.937506422512498,390.96719323968597
FSM,0.0080557350749766,False,True,False,113683.0,2.531522310010964,573.5201817804159,-205.9845145376846,-195.8259463158738,190.20374050129962
ALB,0.0079065936907445,True,False,False,2349580.0,0.1202184970875482,9.248894403679216,35.14586675465556,45.30443497646636,-12.021849708754674
ASM,0.007896477028536,False,False,False,46029.0,6.128778785896665,323.88238660853915,-565.7101621262501,-612.8778785896603,-612.8778785896603
BLZ,0.0064227246400194,False,True,False,422924.0,0.5425366500060321,68.97693376436227,-7.085948537192365,3.0726196846184313,389.10230650179193
KIR,0.0057740066785265,False,True,True,136488.0,1.5113147516295182,590.6650338934019,-103.96375869953913,-93.80519047772833,292.2244963394451
WSM,0.0051846342583986,False,True,False,219306.0,0.8445779153982795,143.81220407158753,-37.290075076416336,-27.131506854605536,358.89817996256795
ATG,0.0051752268346078,False,True,False,94209.0,1.9624974705008875,79.07160083809238,-149.08203058667678,-196.24974705008702,247.1062244523075
MNE,0.0050077205976534,False,False,False,623129.0,0.2871006896584546,19.37665034002582,18.457647497565098,28.616215719375898,-28.71006896584513
TON,0.0049125031661337,False,True,False,103742.0,1.691688264225494,258.3840053137344,-122.00110995913712,-111.84254173732631,274.1871450798471
SYR,0.0046518592181482,True,False,False,25620427.0,0.00648652817569,7.00101859772776,46.519063645841236,56.67763186765203,-0.6486528175689985
TLS,0.0038243366314681,False,True,True,1418517.0,0.0963149443461215,71.82515186687803,37.536222028798115,47.69479025060892,433.72447706778235
ERI,0.0034822297284814,False,False,True,3607003.0,0.0344891923850399,60.24335227347484,43.71879722490627,53.87736544671707,439.90705226389053
GNB,0.0029223110756642,False,True,True,2249515.0,0.0464097960767207,41.298422482843726,42.526736855738264,52.68530507754906,438.7149918947225
PLW,0.0026087496380503,False,True,False,17663.0,5.276428316985815,270.137835834552,-480.47511523516886,-527.6428316985791,-84.28686019618456
GRD,0.002396740611911,False,True,False,117303.0,0.729934725756678,60.290907747730536,-25.82575611225676,-15.667187890445959,370.3624989267275
VCT,0.0019143826635592,False,True,False,99924.0,0.6844331742851015,54.48541247006738,-21.275600965096846,-11.117032743286048,374.9126540738874
KNA,0.0018983333433563,False,True,False,46922.0,1.4453335047936933,57.30214599124361,-97.36563401595515,-144.5333504793654,298.82262102302906
TKM,0.0013512675608696,False,False,False,7618847.0,0.006336131883252,0.9688010239221,46.53410327508503,56.69267149689583,-0.6336131883251994
STP,0.0013493367767476,False,True,True,240254.0,0.2006419961702304,49.12397552220277,27.103516846387677,37.26208506819847,423.29177188537193
DMA,0.0013339516776288,False,True,False,65871.0,0.7234657078803574,65.83518695280932,-25.178854324624705,-15.020286102813913,371.0094007143596
AZE,0.0012586859862221,False,False,False,10246996.0,0.0043882659474479,0.5921508678758263,46.72888986866545,56.88745809047624,-0.4388265947447857
TUV,0.0008237508667863,False,True,True,9492.0,3.1003467178860618,513.1793149040459,-262.8669553251702,-252.70838710335934,133.3212997138141
NRU,0.0008217237680115,False,True,False,12025.0,2.4412534689214045,166.75792789383698,-196.9576304287063,-244.12534689211654,199.23062461027797
KAZ,0.0003828720604242,False,False,False,20843754.0,0.000656220579509,0.0446647584568205,47.10209440545933,57.260662627270136,-0.06562205795090181
PRK,0.0001685597241792,False,False,False,26571036.0,0.0002266300181994,,47.14505346159031,57.30362168340111,-0.022663001819927763
PRY,8.705022583545516e-05,True,False,False,7013078.0,0.0004434384448298,0.0631083656241954,47.12337261892724,57.281940840738045,-0.044343844482980684
MDA,4.011127368446188e-06,False,False,False,2360527.0,6.07057165716147e-05,0.0070410238529003,47.16164589175307,57.320214113563864,-0.006070571657161469
