iso3,co2_t,share_pct,resolved,sids,ldc,dependency,t_per_capita,t_per_musd
CHN,469793301.5727176,13.150271237956062,True,False,False,False,0.33399567148285925,24.09438673412539
MYS,314397808.0275984,8.800501067897425,True,False,False,False,8.738652056513189,665.8246148769482
USA,310398634.1333371,8.68855774886492,True,False,False,False,0.9081696505159592,10.087801770356457
AUS,174342622.02548757,4.880130815608793,True,False,False,False,6.313465169526432,96.93677323034225
BRA,163824255.20974597,4.585704785811712,True,False,False,False,0.7698059481530034,71.8552618353754
JPN,160227508.52118436,4.485026052482679,True,False,False,False,1.2987902275274983,36.12663356950247
KOR,143020451.0766674,4.003372798072741,True,False,False,False,2.767179211895207,76.38451379313588
IND,103954484.00778043,2.9098534536948497,True,False,False,False,0.07101368413453171,26.277229623667395
ESP,92012114.35617322,2.5755672907869664,True,False,False,False,1.864286247862218,48.26350263823083
ARE,90421276.3744012,2.5310371732099144,True,False,False,False,7.853739786951528,163.7102966898457
SGP,84196546.39339906,2.356796954460127,True,True,False,False,13.77747264534219,139.4283765337645
EGY,83709247.46722054,2.343156672591995,True,False,False,False,0.707206892209376,229.18052380600366
IDN,69075219.83053337,1.9335266670513687,True,False,False,False,0.24175738841663616,47.781672030973574
TWN,57890141.01115647,1.6204382943557087,False,False,False,False,2.4846620460601945,72.22770074817244
SAU,50395672.87523577,1.4106560593990844,True,False,False,False,1.3630194033339713,39.465877103604
CAN,48462420.21220962,1.3565412033439055,True,False,False,False,1.163517332966584,20.88987670425554
ZAF,47938026.36149054,1.341862574786651,True,False,False,False,0.740386275476372,112.21859849283702
NLD,47728612.42944683,1.3360007415119692,True,False,False,False,2.638742859800773,35.81165283390096
RUS,45125152.470451206,1.2631257036956813,True,False,False,False,0.3144317890144057,17.617996059315356
MEX,43696788.37173305,1.2231434918126645,True,False,False,False,0.3311694959997775,23.843611309665064
QAT,42802838.316920966,1.1981203898343897,True,False,False,False,14.40098994080878,198.56612863440586
TUR,42501024.94606889,1.189672147433615,True,False,False,False,0.49489682786549055,26.608154449537427
GBR,37022860.51862929,1.0363295010702285,True,False,False,False,0.5328026899798421,9.249731612754255
BEL,35581377.7615579,0.9959800768088197,True,False,False,False,2.9795704477881397,49.04620624540761
VNM,32883893.13650621,0.9204731371379159,True,False,False,False,0.32366505802299883,63.88978251215988
ITA,31731994.250185806,0.8882296318705931,True,False,False,False,0.5386003722030321,12.43632606326771
THA,30310491.82685952,0.8484394893343461,True,False,False,False,0.42321348515927093,52.53027299189151
COL,29407126.90241526,0.8231528499899177,True,False,False,False,0.5504310225309491,64.29051551887095
FRA,28070395.070826396,0.7857355728619625,True,False,False,False,0.4084728960340575,8.33860982623662
LKA,25505809.845433693,0.713948701457308,True,False,False,False,1.1723575034672593,234.37404592477924
CHL,25241710.86358518,0.7065561455537871,True,False,False,False,1.270987475911167,70.63163936788752
DEU,23968412.97680997,0.6709144867183886,True,False,False,False,0.2870769483495207,4.745353142878723
ARG,23595403.76626554,0.6604733580848083,True,False,False,False,0.5146062080460383,34.54176049400831
NGA,22695350.0526758,0.6352794048657826,True,False,False,False,0.09554819171710953,78.04604577725921
MAR,22212286.91031387,0.621757689409532,True,False,False,False,0.5779818335753842,121.79508256113613
OMN,22028995.09624296,0.6166270562935204,True,False,False,False,4.009141750872426,200.98571391098912
PHL,21627898.8454962,0.605399726163036,True,False,False,False,0.1851910390947253,44.402617509032005
PER,20956291.55109572,0.5866003561907736,True,False,False,False,0.6060819211770632,62.583246123224974
GIB,19333641.123431,0.5411797570107881,False,False,False,True,481.82328473884763,
NZL,18198025.0549134,0.5093920340415703,True,False,False,False,3.4176620382206324,68.91692528970917
GRC,17291584.432260364,0.4840193009500489,True,False,False,False,1.6604232310680953,61.6158081153841
PAN,17243306.755918592,0.48266793102521766,True,False,False,False,3.7721710381956624,190.61254878721803
MUS,14631076.415975748,0.40954739611918844,True,True,False,False,11.763764655161925,905.511415441364
MLT,14324347.398898918,0.40096155686262847,True,False,False,False,24.70976118656921,515.7871033931248
PRT,14313342.979589054,0.40065352544060423,True,False,False,False,1.324712065473901,41.29168647522147
BGD,11725421.38067978,0.328213431351791,True,False,True,False,0.06674044249981201,25.695654771764378
IRQ,10874562.224823106,0.30439651304461984,True,False,False,False,0.23127144238040628,42.75141695132496
AGO,10871833.048161102,0.3043201189937862,False,False,True,False,0.2784790519333524,88.9858226957842
KWT,10654150.00560971,0.2982268199963946,True,False,False,False,2.1898247559778885,67.77059952559044
GIN,10542529.380480705,0.29510237890435953,False,False,True,False,0.6981933766405648,371.9226760135012
TTO,9686905.975292752,0.2711521015843166,True,True,False,False,7.082293418523043,373.39549895790856
DNK,9680174.565373736,0.2709636785779591,True,False,False,False,1.610900702804953,20.928900737481836
DOM,9544121.086480629,0.267155322553464,True,True,False,False,0.8284477111497656,74.91021958127972
PAK,9193947.48205556,0.2573533993179757,True,False,False,False,0.03602367976105608,22.57251321679523
ECU,9160289.39811162,0.2564112553330978,True,False,False,False,0.500838790888238,70.29043897597927
SWE,8445507.824021958,0.23640336772868642,True,False,False,False,0.7970001589206708,12.624102673823547
NOR,8285762.194466319,0.23193183024464348,True,False,False,False,1.4767339457991933,15.611253710509672
TGO,7961561.777434895,0.22285693836102263,False,False,True,False,0.9266653107845819,669.6043635318707
GHA,7446142.440055029,0.208429520887971,True,False,False,False,0.21235696665982481,65.19699339444392
MOZ,7423365.123729458,0.20779194711509844,False,False,True,False,0.20833625438958608,332.320087089399
DZA,7303252.964430986,0.204429814303788,True,False,False,False,0.15396236804410576,25.444106087385475
BHS,7286019.936955573,0.20394743410638166,False,True,False,False,18.07797360750999,460.1851812032978
JAM,7076431.42960145,0.19808071418756126,False,True,False,False,2.494268371849425,311.6697464709471
CIV,6190108.394294592,0.17327110477057897,True,False,False,False,0.18923312903222192,62.041573571021935
ISR,5989393.259949392,0.1676527648552032,True,False,False,False,0.5916735745000782,9.806173111595617
GTM,5963005.250556031,0.16691412196738264,True,False,False,False,0.31908407649620796,48.35940525179406
URY,5892064.435968472,0.16492837429804605,True,False,False,False,1.740799871647984,69.03601026062216
PNG,5821255.533405084,0.16294631905874543,False,True,False,False,0.5408672779073623,179.12294766936765
POL,5174387.856661476,0.14483945083442648,True,False,False,False,0.14201360183752695,4.997034197305674
COG,5125842.743875754,0.1434805949327516,False,False,False,False,0.7904838529352285,314.3409494163605
CRI,5108192.637404872,0.14298654002244554,True,False,False,False,0.9913142253281853,49.639925670915225
KEN,4886633.990542782,0.13678475661770698,True,False,False,False,0.08493694146962798,35.946653075791104
NAM,4682872.782810079,0.13108115220170447,True,False,False,False,1.5141129581617785,310.5283156563155
VEN,4593711.790962438,0.12858539242242167,True,False,False,False,0.16108737048248303,46.093261526736406
CMR,4470242.269833392,0.1251292816455502,True,False,False,False,0.14960982132345815,75.85237199228426
IRN,4465751.436753401,0.12500357599396134,True,False,False,False,0.04832139681965619,12.313128347731775
SEN,4242959.90372412,0.1187672821195124,False,False,True,False,0.22411618020675295,114.65433772121735
FIN,4041770.669149648,0.1131356713750549,True,False,False,False,0.7158091704483408,12.748481944664654
DJI,3905410.619995493,0.10931873395514023,False,False,True,False,3.298276985595091,844.4983617376379
TZA,3649307.927413181,0.10215000706832875,True,False,True,False,0.0517295794362034,40.48331921550593
BRN,3539442.008185175,0.09907468302088271,True,False,False,False,7.589994227661045,235.46078255407184
GNQ,3483902.8876432525,0.09752005357640399,True,False,False,False,1.7972798039462083,271.6872586430761
PRI,3162819.257160171,0.0885324055686841,False,False,False,True,0.9930873207435145,24.44814346869962
IRL,2924876.623190487,0.08187200797403957,True,False,False,False,0.5333116152129291,4.052751995724121
LBY,2869972.353580483,0.08033514902974134,False,False,False,False,0.38478932629450113,59.668137523540224
GAB,2674525.063464685,0.07486426455960932,True,False,False,False,1.0313887323291484,124.8196280212914
JOR,2485741.729896513,0.06957991496731797,True,False,False,False,0.21576338088055474,40.3463660168832
REU,2372340.7231468973,0.06640563812594436,False,False,False,True,,
BHR,2239886.725141011,0.06269803736940294,True,False,False,False,1.399609042644627,45.74397092670881
UKR,2217465.730418669,0.06207043761215535,True,False,False,False,0.056886719882298445,10.350704573449887
COD,2217375.2878484884,0.06206790597893421,False,False,True,False,0.019651924919242784,24.35858887966737
HND,2168059.9695125245,0.06068749078328738,True,False,False,False,0.19699159715174425,54.74704104274622
LTU,2131363.3791567194,0.059660294109619386,True,False,False,False,0.7378089733418811,22.38588386684683
NCL,2116443.9169472544,0.05924267433061849,False,False,False,True,7.166296746205993,247.5685897992729
EST,1904677.907438194,0.053315002619035594,True,False,False,False,1.3938622422204532,40.49849329863874
SVN,1824852.759810028,0.05108056815731353,True,False,False,False,0.856341974940252,22.91141100155575
MMR,1794785.601554401,0.05023893996659135,False,False,True,False,0.0327213199296096,21.977206825102403
MRT,1772579.9264939225,0.04961736735350886,False,False,True,False,0.33350108164132,151.76313712400136
ROU,1734836.313360638,0.04856086282579084,True,False,False,False,0.09120986306455034,4.0469452665642764
CYP,1714529.107671142,0.04799243142839149,True,False,False,False,1.250792708006792,41.588753597322956
LBN,1638741.9118284287,0.04587102574133847,False,False,False,False,0.28015455065183864,63.0973513690488
LVA,1601325.2305206463,0.04482367256202682,True,False,False,False,0.8666188060410959,32.93629115993709
BEN,1587385.9705674334,0.0444334902230546,False,False,True,False,0.10715111928260858,64.61608619222872
BES,1512711.6285163115,0.042343235106174944,False,False,False,True,,
TUN,1492337.3571275596,0.04177292643182628,True,False,False,False,0.12085099688260009,25.952412901959086
HRV,1485988.791689375,0.04159521985916005,True,False,False,False,0.38336225986517075,14.144167283648526
SLE,1461691.3523021836,0.04091509539323063,False,False,True,False,0.16572851387483467,195.8280319229141
ISL,1446025.0324392107,0.04047656986549536,False,False,False,False,3.685041519554364,37.478752114648245
CUB,1308741.9687495043,0.03663379578197046,False,True,False,False,0.11965965784392082,12.191127959884346
MDG,1255407.7008684156,0.03514088371496951,True,False,True,False,0.03834397384404854,63.98497328513559
PYF,1252600.9164713607,0.03506231729862392,False,False,False,True,4.434534956441898,198.0798704674604
VIR,1213108.7857614527,0.03395686894748407,False,False,False,True,11.68788332204267,259.6551339386671
FJI,1200502.2418946752,0.033603991478464525,False,True,False,False,1.286499593737663,193.69146690815336
SDN,1192074.5477899015,0.033368086745431326,False,False,True,False,0.02307442909389541,19.814201226903563
SLV,1160412.7180591363,0.03248182113147792,True,False,False,False,0.18229709703367294,31.611889526841242
GLP,1152128.7992845075,0.032249940901523846,False,False,False,True,,
GUM,1049799.5998030326,0.02938558177967285,False,False,False,True,6.211868708116809,151.92468882822467
KHM,1012395.9081519558,0.028338592201775693,False,False,True,False,0.0567232703479842,19.74749074293255
CPV,1000836.4290899502,0.028015023763217788,False,True,False,False,1.897946297148159,327.4312843416905
LBR,872770.9970597903,0.024430266037288498,False,False,True,False,0.15228400393560976,166.37078961399843
BGR,811641.834510909,0.02271916231278708,True,False,False,False,0.1261625576587123,6.206292947098734
NIC,767619.9766942668,0.021486919603600694,True,False,False,False,0.10954259830311383,34.519683770578446
MDV,754929.6776201096,0.021131697691416578,False,True,False,False,1.425266913396321,97.52269179116571
ABW,739261.6596676491,0.020693124631421325,False,False,False,True,6.795621268259862,177.38357228468817
YEM,736869.277721837,0.020626158007191267,False,False,True,False,0.017639475026039887,34.1045912420575
HTI,689868.8942197174,0.019310541566361365,False,True,True,False,0.05794249871345033,21.506465898495904
SOM,687670.2214617128,0.019248997174318154,False,False,True,False,0.03498750207070737,52.91724801940045
GEO,686241.8754404864,0.019209015468453248,True,False,False,False,0.1743604359203485,17.99100358031584
SLB,655474.696405439,0.018347792568545636,False,True,True,False,0.7815877950806825,374.64850285449944
MTQ,636756.4716570611,0.01782383930716417,False,False,False,True,,
GUY,625903.3447871906,0.017520042804232007,False,True,False,False,0.7487007495187605,23.09821463274163
CUW,620514.5757929601,0.017369202480039245,False,False,False,True,3.970962900961585,174.244179553281
FRO,618707.3998222589,0.01731861671368225,False,False,False,True,11.269715843756991,152.656548540144
SXM,571708.1955350633,0.01600303328097751,False,False,False,True,13.016146336431103,302.8550989150004
SYC,539494.690101013,0.015101325375468851,False,True,False,False,4.395784975971751,226.01153123564714
GRL,485832.7973146821,0.013599242559643215,False,False,False,True,8.548728639557321,146.0473094935501
BRB,439939.9100413444,0.012314626722173854,False,True,False,False,1.5566316614052798,54.87895791098969
COM,433393.2256965991,0.012131374482189851,False,True,True,False,0.49090411554504815,238.79455914776216
LCA,379944.8906977393,0.010635269492827093,False,True,False,False,2.109059116052486,143.02760652717768
VUT,375677.3356324432,0.010515813752518137,False,True,False,False,1.1208594339943228,277.52733868669293
MHL,356692.5090309161,0.009984397875833904,False,True,False,False,9.831114851191117,1158.0925617886885
GMB,338805.5505297756,0.009483713095687773,False,False,True,False,0.1200547078107545,130.62765486229475
SUR,335209.59771394194,0.009383056584135139,False,True,False,False,0.5238877826270875,74.10144903892737
FSM,287791.0507689764,0.008055735074976648,False,True,False,False,2.531522310010964,573.5201817804159
ALB,282462.9763869615,0.007906593690744597,True,False,False,False,0.12021849708754821,9.248894403679216
ASM,282101.5587360376,0.00789647702853608,False,False,False,False,6.128778785896665,323.88238660853915
BLZ,229451.77016715112,0.006422724640019473,False,True,False,False,0.5425366500060321,68.97693376436227
KIR,206276.32782040967,0.005774006678526593,False,True,True,False,1.5113147516295182,590.6650338934019
WSM,185221.0043143351,0.005184634258398685,False,True,False,False,0.8445779153982795,143.81220407158753
ATG,184884.9241984181,0.005175226834607845,False,True,False,False,1.9624974705008873,79.07160083809238
MNP,183069.44475221695,0.005124408640596656,False,False,False,True,4.204530092377689,167.03416491990598
MYT,180484.63565451172,0.005052055670430054,False,False,False,True,,
MNE,178900.76564618314,0.0050077205976534565,False,False,False,False,0.2871006896584546,19.37665034002582
TON,175499.1239072812,0.004912503166133759,False,True,False,False,1.691688264225494,258.3840053137344
ESH,171714.17315780258,0.0048065562979870136,False,False,False,True,,
SYR,166187.6216087108,0.004651859218148266,True,False,False,False,0.006486528175690077,7.00101859772776
GUF,145878.9870020431,0.0040833878230556245,False,False,False,True,,
TLS,136624.38590902725,0.0038243366314681137,False,True,True,False,0.0963149443461215,71.82515186687803
ERI,124402.62040041636,0.003482229728481435,False,False,True,False,0.03448919238503998,60.24335227347484
MAF,111585.5457243671,0.0031234591629945687,False,False,False,True,4.473980422772427,171.8799587803223
HKG,104793.08691954368,0.0029333272999879085,False,False,False,True,0.013974461176911772,0.24523884169150814
GNB,104399.53242152448,0.0029223110756642647,False,True,True,False,0.04640979607672075,41.298422482843726
PLW,93197.55336292044,0.002608749638050312,False,True,False,False,5.276428316985815,270.137835834552
BMU,90273.88296820356,0.0025269113943541996,False,False,False,True,1.3984026484114873,9.818249256235012
GRD,85623.53313543559,0.002396740611911026,False,True,False,False,0.729934725756678,60.290907747730536
VCT,68391.30050726449,0.0019143826635592861,False,True,False,False,0.6844331742851015,54.48541247006738
KNA,67817.93871192967,0.0018983333433563517,False,True,False,False,1.4453335047936933,57.30214599124361
SHN,67379.58382566714,0.0018860630840028486,False,False,False,True,,
FLK,65605.26229704403,0.0018363969664004307,False,False,False,True,,
CYM,56884.72396746876,0.0015922950518116026,False,False,False,True,0.750022730439702,7.325467985945157
CXR,50664.99246178406,0.001418194748437323,False,False,False,True,,
TKM,48274.019390319416,0.0013512675608696174,False,False,False,False,0.006336131883252074,0.9688010239220999
STP,48205.04214788255,0.0013493367767476333,False,True,True,False,0.20064199617023049,49.12397552220277
DMA,47655.40964378702,0.0013339516776288147,False,True,False,False,0.7234657078803574,65.83518695280932
VGB,45232.60096276711,0.0012661333600699493,False,False,False,True,1.1384425894182801,
AZE,44966.54361043504,0.0012586859862221177,False,False,False,False,0.004388265947447919,0.5921508678758263
TUV,29428.4910461745,0.0008237508667863686,False,True,True,False,3.1003467178860618,513.1793149040459
NRU,29356.07296377989,0.0008217237680115804,False,True,False,False,2.4412534689214045,166.75792789383698
ATA,26415.70750297084,0.000739418202523709,False,False,False,False,,
COK,25495.37030639564,0.0007136564819439815,False,True,False,True,1.5175815658568832,61.569337988648996
SJM,22202.759633447997,0.0006214910055838456,False,False,False,False,,
KAZ,13678.10032902488,0.00038287206042424105,False,False,False,False,0.0006562205795090884,0.04466475845682055
WLF,9989.07138883159,0.0002796101982269521,False,False,False,True,,
NIU,8546.068271162183,0.00023921821662346022,False,True,False,True,,
PRK,6021.794372257223,0.00016855972417929968,False,False,False,False,0.00022663001819941167,
CCK,5770.861866636398,0.00016153571915350005,False,False,False,True,,
SGS,5068.120009287815,0.00014186484261383427,False,False,False,True,,
PRY,3109.8684017901323,8.705022583545516e-05,True,False,False,False,0.0004434384448298069,0.0631083656241954
MSR,772.9241011329747,2.1635390590341834e-05,False,False,False,True,,
AIA,379.8584487778702,1.0632849844252275e-05,False,False,False,True,,
SPM,279.92241138127747,7.835479183980534e-06,False,False,False,True,,
MDA,143.29748302164393,4.011127368446188e-06,False,False,False,False,6.07057165716147e-05,0.007041023852900371
BLM,74.7956830735611,2.0936516475496875e-06,False,False,False,True,,
IMN,26.711820650834294,7.477068865013086e-07,False,False,False,True,0.0003175517802472039,0.003525787029401822
ALA,2.77128544579462,7.757274351932907e-08,False,False,False,True,,
