log_gdp,category,fit,lo,hi
19.669772,neither,0.0269,0.0037,0.1017
19.828425,neither,0.0309,0.0046,0.1122
19.987077,neither,0.0355,0.0057,0.1237
20.145730,neither,0.0408,0.0069,0.1357
20.304383,neither,0.0467,0.0084,0.1485
20.463035,neither,0.0536,0.0103,0.1623
20.621688,neither,0.0613,0.0126,0.1764
20.780340,neither,0.0701,0.0151,0.1913
20.938993,neither,0.0800,0.0182,0.2085
21.097646,neither,0.0912,0.0219,0.2268
21.256298,neither,0.1038,0.0264,0.2462
21.414951,neither,0.1180,0.0323,0.2666
21.573604,neither,0.1337,0.0392,0.2879
21.732256,neither,0.1512,0.0467,0.3099
21.890909,neither,0.1705,0.0573,0.3365
22.049561,neither,0.1918,0.0701,0.3595
22.208214,neither,0.2150,0.0853,0.3845
22.366867,neither,0.2401,0.1017,0.4118
22.525519,neither,0.2672,0.1206,0.4401
22.684172,neither,0.2962,0.1426,0.4692
22.842825,neither,0.3270,0.1683,0.4985
23.001477,neither,0.3592,0.1963,0.5265
23.160130,neither,0.3928,0.2283,0.5526
23.318782,neither,0.4275,0.2598,0.5815
23.477435,neither,0.4629,0.2950,0.6128
23.636088,neither,0.4987,0.3341,0.6387
23.794740,neither,0.5344,0.3748,0.6656
23.953393,neither,0.5699,0.4182,0.6937
24.112046,neither,0.6046,0.4622,0.7182
24.270698,neither,0.6383,0.4997,0.7433
24.429351,neither,0.6707,0.5396,0.7724
24.588003,neither,0.7015,0.5783,0.7998
24.746656,neither,0.7306,0.6178,0.8247
24.905309,neither,0.7579,0.6536,0.8443
25.063961,neither,0.7832,0.6880,0.8652
25.222614,neither,0.8066,0.7224,0.8843
25.381267,neither,0.8279,0.7510,0.8999
25.539919,neither,0.8474,0.7757,0.9137
25.698572,neither,0.8650,0.7989,0.9261
25.857224,neither,0.8809,0.8174,0.9387
26.015877,neither,0.8951,0.8366,0.9498
26.174530,neither,0.9079,0.8535,0.9587
26.333182,neither,0.9192,0.8687,0.9663
26.491835,neither,0.9292,0.8824,0.9713
26.650488,neither,0.9381,0.8948,0.9762
26.809140,neither,0.9459,0.9040,0.9812
26.967793,neither,0.9528,0.9136,0.9846
27.126445,neither,0.9588,0.9230,0.9874
27.285098,neither,0.9641,0.9311,0.9898
27.443751,neither,0.9688,0.9381,0.9918
27.602403,neither,0.9728,0.9442,0.9934
27.761056,neither,0.9764,0.9496,0.9946
27.919709,neither,0.9795,0.9546,0.9956
28.078361,neither,0.9821,0.9594,0.9964
28.237014,neither,0.9845,0.9636,0.9970
28.395666,neither,0.9865,0.9675,0.9975
28.554319,neither,0.9883,0.9709,0.9980
28.712972,neither,0.9899,0.9740,0.9983
28.871624,neither,0.9912,0.9768,0.9986
29.030277,neither,0.9924,0.9790,0.9989
19.669772,sids,0.0089,0.0008,0.0303
19.828425,sids,0.0103,0.0010,0.0340
19.987077,sids,0.0119,0.0012,0.0382
20.145730,sids,0.0137,0.0014,0.0429
20.304383,sids,0.0157,0.0017,0.0478
20.463035,sids,0.0181,0.0021,0.0533
20.621688,sids,0.0209,0.0026,0.0605
20.780340,sids,0.0240,0.0032,0.0694
20.938993,sids,0.0276,0.0038,0.0804
21.097646,sids,0.0317,0.0044,0.0919
21.256298,sids,0.0364,0.0051,0.1014
21.414951,sids,0.0418,0.0060,0.1120
21.573604,sids,0.0479,0.0071,0.1252
21.732256,sids,0.0549,0.0083,0.1426
21.890909,sids,0.0628,0.0098,0.1620
22.049561,sids,0.0718,0.0117,0.1790
22.208214,sids,0.0820,0.0137,0.1981
22.366867,sids,0.0934,0.0160,0.2255
22.525519,sids,0.1063,0.0186,0.2507
22.684172,sids,0.1207,0.0217,0.2841
22.842825,sids,0.1367,0.0253,0.3166
23.001477,sids,0.1545,0.0304,0.3503
23.160130,sids,0.1742,0.0344,0.3857
23.318782,sids,0.1958,0.0399,0.4273
23.477435,sids,0.2194,0.0466,0.4670
23.636088,sids,0.2449,0.0557,0.5047
23.794740,sids,0.2723,0.0642,0.5441
23.953393,sids,0.3016,0.0735,0.5867
24.112046,sids,0.3327,0.0854,0.6256
24.270698,sids,0.3652,0.0963,0.6636
24.429351,sids,0.3990,0.1108,0.7012
24.588003,sids,0.4338,0.1248,0.7320
24.746656,sids,0.4693,0.1414,0.7603
24.905309,sids,0.5051,0.1611,0.7906
25.063961,sids,0.5409,0.1834,0.8183
25.222614,sids,0.5762,0.2081,0.8432
25.381267,sids,0.6107,0.2304,0.8673
25.539919,sids,0.6442,0.2547,0.8889
25.698572,sids,0.6764,0.2833,0.9050
25.857224,sids,0.7069,0.3117,0.9190
26.015877,sids,0.7357,0.3348,0.9311
26.174530,sids,0.7626,0.3770,0.9420
26.333182,sids,0.7876,0.4068,0.9512
26.491835,sids,0.8106,0.4317,0.9597
26.650488,sids,0.8316,0.4573,0.9660
26.809140,sids,0.8507,0.4894,0.9712
26.967793,sids,0.8680,0.5215,0.9759
27.126445,sids,0.8836,0.5475,0.9801
27.285098,sids,0.8976,0.5809,0.9836
27.443751,sids,0.9100,0.6083,0.9865
27.602403,sids,0.9211,0.6333,0.9889
27.761056,sids,0.9309,0.6609,0.9909
27.919709,sids,0.9396,0.6858,0.9925
28.078361,sids,0.9472,0.7098,0.9938
28.237014,sids,0.9539,0.7328,0.9949
28.395666,sids,0.9598,0.7569,0.9958
28.554319,sids,0.9650,0.7749,0.9966
28.712972,sids,0.9695,0.7940,0.9971
28.871624,sids,0.9735,0.8119,0.9976
29.030277,sids,0.9770,0.8286,0.9980
19.669772,ldc,0.0007,0.0000,0.0029
19.828425,ldc,0.0008,0.0001,0.0033
19.987077,ldc,0.0009,0.0001,0.0037
20.145730,ldc,0.0011,0.0001,0.0042
20.304383,ldc,0.0012,0.0001,0.0047
20.463035,ldc,0.0014,0.0001,0.0054
20.621688,ldc,0.0017,0.0001,0.0061
20.780340,ldc,0.0019,0.0002,0.0070
20.938993,ldc,0.0022,0.0002,0.0079
21.097646,ldc,0.0025,0.0002,0.0091
21.256298,ldc,0.0029,0.0003,0.0104
21.414951,ldc,0.0034,0.0004,0.0116
21.573604,ldc,0.0039,0.0005,0.0129
21.732256,ldc,0.0045,0.0006,0.0144
21.890909,ldc,0.0052,0.0007,0.0162
22.049561,ldc,0.0060,0.0008,0.0183
22.208214,ldc,0.0069,0.0010,0.0207
22.366867,ldc,0.0080,0.0012,0.0239
22.525519,ldc,0.0092,0.0015,0.0267
22.684172,ldc,0.0106,0.0018,0.0299
22.842825,ldc,0.0122,0.0020,0.0335
23.001477,ldc,0.0140,0.0023,0.0383
23.160130,ldc,0.0162,0.0026,0.0439
23.318782,ldc,0.0186,0.0030,0.0490
23.477435,ldc,0.0214,0.0036,0.0553
23.636088,ldc,0.0246,0.0044,0.0641
23.794740,ldc,0.0283,0.0053,0.0734
23.953393,ldc,0.0325,0.0060,0.0842
24.112046,ldc,0.0374,0.0067,0.0945
24.270698,ldc,0.0429,0.0075,0.1108
24.429351,ldc,0.0492,0.0090,0.1270
24.588003,ldc,0.0563,0.0103,0.1414
24.746656,ldc,0.0644,0.0121,0.1638
24.905309,ldc,0.0736,0.0137,0.1842
25.063961,ldc,0.0840,0.0154,0.2019
25.222614,ldc,0.0957,0.0178,0.2324
25.381267,ldc,0.1089,0.0207,0.2638
25.539919,ldc,0.1236,0.0240,0.2933
25.698572,ldc,0.1399,0.0278,0.3264
25.857224,ldc,0.1581,0.0322,0.3588
26.015877,ldc,0.1781,0.0372,0.3946
26.174530,ldc,0.2001,0.0430,0.4388
26.333182,ldc,0.2240,0.0490,0.4838
26.491835,ldc,0.2499,0.0547,0.5299
26.650488,ldc,0.2777,0.0618,0.5739
26.809140,ldc,0.3073,0.0702,0.6174
26.967793,ldc,0.3387,0.0796,0.6556
27.126445,ldc,0.3715,0.0872,0.6969
27.285098,ldc,0.4055,0.0971,0.7340
27.443751,ldc,0.4405,0.1110,0.7695
27.602403,ldc,0.4760,0.1250,0.8017
27.761056,ldc,0.5118,0.1375,0.8273
27.919709,ldc,0.5475,0.1511,0.8546
28.078361,ldc,0.5827,0.1681,0.8776
28.237014,ldc,0.6171,0.1909,0.8956
28.395666,ldc,0.6504,0.2084,0.9104
28.554319,ldc,0.6822,0.2246,0.9233
28.712972,ldc,0.7125,0.2416,0.9345
28.871624,ldc,0.7409,0.2625,0.9446
29.030277,ldc,0.7675,0.2927,0.9533
