country,s0.0_f175_a0.03_m0.8,s0.0_f175_a0.03_m0.9,s0.0_f175_a0.05_m0.8,s0.0_f175_a0.05_m0.9,s0.0_f175_a0.08_m0.8,s0.0_f175_a0.08_m0.9,s0.0_f190_a0.03_m0.8,s0.0_f190_a0.03_m0.9,s0.0_f190_a0.05_m0.8,s0.0_f190_a0.05_m0.9,s0.0_f190_a0.08_m0.8,s0.0_f190_a0.08_m0.9,s0.0_f205_a0.03_m0.8,s0.0_f205_a0.03_m0.9,s0.0_f205_a0.05_m0.8,s0.0_f205_a0.05_m0.9,s0.0_f205_a0.08_m0.8,s0.0_f205_a0.08_m0.9,s0.5_f175_a0.03_m0.8,s0.5_f175_a0.03_m0.9,s0.5_f175_a0.05_m0.8,s0.5_f175_a0.05_m0.9,s0.5_f175_a0.08_m0.8,s0.5_f175_a0.08_m0.9,s0.5_f190_a0.03_m0.8,s0.5_f190_a0.03_m0.9,s0.5_f190_a0.05_m0.8,s0.5_f190_a0.05_m0.9,s0.5_f190_a0.08_m0.8,s0.5_f190_a0.08_m0.9,s0.5_f205_a0.03_m0.8,s0.5_f205_a0.03_m0.9,s0.5_f205_a0.05_m0.8,s0.5_f205_a0.05_m0.9,s0.5_f205_a0.08_m0.8,s0.5_f205_a0.08_m0.9,s1.0_f175_a0.03_m0.8,s1.0_f175_a0.03_m0.9,s1.0_f175_a0.05_m0.8,s1.0_f175_a0.05_m0.9,s1.0_f175_a0.08_m0.8,s1.0_f175_a0.08_m0.9,s1.0_f190_a0.03_m0.8,s1.0_f190_a0.03_m0.9,s1.0_f190_a0.05_m0.8,s1.0_f190_a0.05_m0.9,s1.0_f190_a0.08_m0.8,s1.0_f190_a0.08_m0.9,s1.0_f205_a0.03_m0.8,s1.0_f205_a0.03_m0.9,s1.0_f205_a0.05_m0.8,s1.0_f205_a0.05_m0.9,s1.0_f205_a0.08_m0.8,s1.0_f205_a0.08_m0.9,rank_min,rank_max,rank_span
CHN,1,1,1,1,1,1,1,1,1,1,1,1,1,1,1,1,1,1,1,1,1,1,1,1,1,1,1,1,1,1,1,1,1,1,1,1,1,1,1,1,1,1,1,1,1,1,1,1,1,1,1,1,1,1,1,1,0
USA,2,2,2,2,2,2,2,2,2,2,2,2,2,2,2,2,2,2,3,3,3,3,3,3,3,3,3,3,3,3,3,3,3,3,3,3,3,3,3,3,3,3,3,3,3,3,3,3,3,3,3,3,3,3,2,3,1
MYS,3,3,3,3,3,3,3,3,3,3,3,3,3,3,3,3,3,3,2,2,2,2,2,2,2,2,2,2,2,2,2,2,2,2,2,2,2,2,2,2,2,2,2,2,2,2,2,2,2,2,2,2,2,2,2,3,1
AUS,4,4,4,4,4,4,4,4,4,4,4,4,4,4,4,4,4,4,4,4,4,4,4,4,4,4,4,4,4,4,4,4,4,4,4,4,4,4,4,4,4,4,4,4,4,4,4,4,4,4,4,4,4,4,4,4,0
BRA,5,5,6,6,6,6,5,5,6,6,6,6,5,5,6,6,6,6,5,5,5,5,5,5,5,5,5,5,5,5,5,5,5,5,5,5,5,5,5,5,5,5,5,5,5,5,5,5,5,5,5,5,5,5,5,6,1
JPN,6,6,5,5,5,5,6,6,5,5,5,5,6,6,5,5,5,5,6,6,6,6,6,6,6,6,6,6,6,6,6,6,6,6,6,6,7,7,7,7,7,7,7,7,7,7,7,7,7,7,7,7,7,7,5,7,2
KOR,7,7,7,7,7,7,7,7,7,7,7,7,7,7,7,7,7,7,7,7,7,7,7,7,7,7,7,7,7,7,7,7,7,7,7,7,6,6,6,6,6,6,6,6,6,6,6,6,6,6,6,6,6,6,6,7,1
IND,8,8,8,8,8,8,8,8,8,8,8,8,8,8,8,8,8,8,8,8,8,8,8,8,8,8,8,8,8,8,8,8,8,8,8,8,8,8,8,8,8,8,8,8,8,8,8,8,8,8,8,8,8,8,8,8,0
SGP,9,9,9,9,9,9,9,9,9,9,9,9,9,9,9,9,9,9,11,11,11,11,11,11,11,11,11,11,11,11,11,11,11,11,11,11,12,12,12,12,12,12,12,12,12,12,12,12,12,12,12,12,12,12,9,12,3
ARE,10,10,10,10,10,10,10,10,10,10,10,10,10,10,10,10,10,10,10,10,10,10,10,10,10,10,10,10,10,10,10,10,10,10,10,10,11,11,11,11,11,11,11,11,11,11,11,11,11,11,11,11,11,11,10,11,1
ESP,11,11,11,11,11,11,11,11,11,11,11,11,11,11,11,11,11,11,9,9,9,9,9,9,9,9,9,9,9,9,9,9,9,9,9,9,9,9,9,9,9,9,9,9,9,9,9,9,9,9,9,9,9,9,9,11,2
EGY,12,12,12,12,12,12,12,12,12,12,12,12,12,12,12,12,12,12,12,12,12,12,12,12,12,12,12,12,12,12,12,12,12,12,12,12,10,10,10,10,10,10,10,10,10,10,10,10,10,10,10,10,10,10,10,12,2
IDN,13,13,13,13,13,13,13,13,13,13,13,13,13,13,13,13,13,13,13,13,13,13,13,13,13,13,13,13,13,13,13,13,13,13,13,13,13,13,13,13,13,13,13,13,13,13,13,13,13,13,13,13,13,13,13,13,0
TWN,14,14,14,14,14,14,14,14,14,14,14,14,14,14,14,14,14,14,14,14,14,14,14,14,14,14,14,14,14,14,14,14,14,14,14,14,15,15,15,15,15,15,15,15,15,15,15,15,15,15,15,15,15,15,14,15,1
NLD,15,15,15,15,15,15,15,15,15,15,15,15,15,15,15,15,15,15,18,18,18,18,18,18,18,18,18,18,18,18,18,18,18,18,18,18,20,20,21,21,21,21,20,20,21,21,21,21,20,20,21,21,21,21,15,21,6
CAN,16,16,16,16,17,17,16,16,16,16,17,17,16,16,16,16,17,17,16,16,16,16,16,16,16,16,16,16,16,16,16,16,16,16,16,16,18,18,18,18,18,18,18,18,18,18,18,18,18,18,18,18,18,18,16,18,2
MEX,17,17,17,17,16,16,17,17,17,17,16,16,17,17,17,17,16,16,20,20,20,20,20,20,20,20,20,20,20,20,20,20,20,20,20,20,22,22,22,22,22,22,22,22,22,22,22,22,22,22,22,22,22,22,16,22,6
ZAF,18,18,18,18,19,19,18,18,18,18,19,19,18,18,18,18,19,19,17,17,17,17,17,17,17,17,17,17,17,17,17,17,17,17,17,17,16,16,16,16,16,16,16,16,16,16,16,16,16,16,16,16,16,16,16,19,3
TUR,19,19,19,19,18,18,19,19,19,19,18,18,19,19,19,19,18,18,22,22,22,22,21,21,22,22,22,22,21,21,22,22,22,22,21,21,21,21,20,20,20,20,21,21,20,20,20,20,21,21,20,20,20,20,18,22,4
GBR,20,20,20,20,20,20,20,20,20,20,20,20,20,20,20,20,20,20,23,23,23,23,23,23,23,23,23,23,23,23,23,23,23,23,23,23,26,26,26,26,26,26,26,26,26,26,26,26,26,26,26,26,26,26,20,26,6
RUS,21,21,21,21,21,21,21,21,21,21,21,21,21,21,21,21,21,21,19,19,19,19,19,19,19,19,19,19,19,19,19,19,19,19,19,19,17,17,17,17,17,17,17,17,17,17,17,17,17,17,17,17,17,17,17,21,4
QAT,22,22,23,22,23,23,22,22,23,22,23,23,22,22,23,22,23,23,21,21,21,21,22,22,21,21,21,21,22,22,21,21,21,21,22,22,19,19,19,19,19,19,19,19,19,19,19,19,19,19,19,19,19,19,19,23,4
SAU,23,23,22,23,22,22,23,23,22,23,22,22,23,23,22,23,22,22,15,15,15,15,15,15,15,15,15,15,15,15,15,15,15,15,15,15,14,14,14,14,14,14,14,14,14,14,14,14,14,14,14,14,14,14,14,23,9
BEL,24,24,24,24,24,24,24,24,24,24,24,24,24,24,24,24,24,24,24,24,24,24,24,24,24,24,24,24,24,24,24,24,24,24,24,24,23,23,23,23,23,23,23,23,23,23,23,23,23,23,23,23,23,23,23,24,1
ITA,25,25,25,25,25,25,25,25,25,25,25,25,25,25,25,25,25,25,26,26,26,26,26,26,26,26,26,26,26,26,26,26,26,26,26,26,29,29,29,29,29,29,29,29,29,29,29,29,29,29,29,29,29,29,25,29,4
THA,26,26,27,27,27,27,26,26,27,27,27,27,26,26,27,27,27,27,27,27,27,27,27,27,27,27,27,27,27,27,27,27,27,27,27,27,30,31,30,30,30,30,30,31,30,30,30,30,30,31,30,30,30,30,26,31,5
VNM,27,27,26,26,26,26,27,27,26,26,26,26,27,27,26,26,26,26,25,25,25,25,25,25,25,25,25,25,25,25,25,25,25,25,25,25,24,24,24,24,24,24,24,24,24,24,24,24,24,24,24,24,24,24,24,27,3
COL,28,28,28,28,28,28,28,28,28,28,28,28,28,28,28,28,28,28,28,28,28,28,28,28,28,28,28,28,28,28,28,28,28,28,28,28,32,30,31,31,31,31,32,30,31,31,31,31,32,30,31,31,31,31,28,32,4
GIB,29,29,29,29,29,29,29,29,29,29,29,29,29,29,29,29,29,29,39,39,39,39,39,39,39,39,39,39,39,39,39,39,39,39,39,39,52,51,52,51,52,52,52,51,52,51,52,52,52,51,52,51,52,52,29,52,23
FRA,30,30,30,30,30,30,30,30,30,30,30,30,30,30,30,30,30,30,29,29,29,29,29,29,29,29,29,29,29,29,29,29,29,29,29,29,28,28,28,28,28,28,28,28,28,28,28,28,28,28,28,28,28,28,28,30,2
MAR,31,31,31,31,31,31,31,31,31,31,31,31,31,31,31,31,31,31,35,35,35,35,35,35,35,35,35,35,35,35,35,35,35,35,35,35,40,39,39,39,38,38,40,39,39,39,38,38,40,39,39,39,38,38,31,40,9
DEU,32,32,32,32,32,32,32,32,32,32,32,32,32,32,32,32,32,32,33,32,32,32,32,32,33,32,32,32,32,32,33,32,32,32,32,32,33,33,33,33,33,33,33,33,33,33,33,33,33,33,33,33,33,33,32,33,1
LKA,33,34,33,33,33,33,33,34,33,33,33,33,33,34,33,33,33,33,31,31,30,30,30,30,31,31,30,30,30,30,31,31,30,30,30,30,27,27,27,27,25,25,27,27,27,27,25,25,27,27,27,27,25,25,25,34,9
PHL,34,33,35,34,35,35,34,33,35,34,35,35,34,33,35,34,35,35,37,37,37,37,37,37,37,37,37,37,37,37,37,37,37,37,37,37,37,36,37,36,37,36,37,36,37,36,37,36,37,36,37,36,37,36,33,37,4
NGA,35,35,34,35,34,34,35,35,34,35,34,34,35,35,34,35,34,34,34,34,34,34,34,34,34,34,34,34,34,34,34,34,34,34,34,34,34,34,34,34,35,34,34,34,34,34,35,34,34,34,34,34,35,34,34,35,1
CHL,36,36,36,36,37,37,36,36,36,36,37,37,36,36,36,36,37,37,30,30,31,31,31,31,30,30,31,31,31,31,30,30,31,31,31,31,25,25,25,25,27,27,25,25,25,25,27,27,25,25,25,25,27,27,25,37,12
GRC,37,37,37,37,36,36,37,37,37,37,36,36,37,37,37,37,36,36,42,42,41,41,41,41,42,42,41,41,41,41,42,42,41,41,41,41,43,43,43,43,42,42,43,43,43,43,42,42,43,43,43,43,42,42,36,43,7
ARG,38,38,38,38,38,39,38,38,38,38,38,39,38,38,38,38,38,39,32,33,33,33,33,33,32,33,33,33,33,33,32,33,33,33,33,33,31,32,32,32,32,32,31,32,32,32,32,32,31,32,32,32,32,32,31,39,8
OMN,39,39,39,39,39,38,39,39,39,39,39,38,39,39,39,39,39,38,36,36,36,36,36,36,36,36,36,36,36,36,36,36,36,36,36,36,35,35,35,35,34,35,35,35,35,35,34,35,35,35,35,35,34,35,34,39,5
PER,40,40,40,40,40,40,40,40,40,40,40,40,40,40,40,40,40,40,38,38,38,38,38,38,38,38,38,38,38,38,38,38,38,38,38,38,36,37,36,37,36,37,36,37,36,37,36,37,36,37,36,37,36,37,36,40,4
MLT,41,41,41,41,41,41,41,41,41,41,41,41,41,41,41,41,41,41,45,45,44,44,44,44,45,45,44,44,44,44,45,45,44,44,44,44,47,47,47,47,46,47,47,47,47,47,46,47,47,47,47,47,46,47,41,47,6
NZL,42,42,42,42,42,42,42,42,42,42,42,42,42,42,42,42,42,42,40,40,40,40,40,40,40,40,40,40,40,40,40,40,40,40,40,40,38,38,38,38,39,39,38,38,38,38,39,39,38,38,38,38,39,39,38,42,4
MUS,43,43,43,43,43,43,43,43,43,43,43,43,43,43,43,43,43,43,43,43,43,43,43,43,43,43,43,43,43,43,43,43,43,43,43,43,42,42,42,42,43,43,42,42,42,42,43,43,42,42,42,42,43,43,42,43,1
PAN,44,45,44,44,44,44,44,45,44,44,44,44,44,45,44,44,44,44,41,41,42,42,42,42,41,41,42,42,42,42,41,41,42,42,42,42,39,40,40,40,40,40,39,40,40,40,40,40,39,40,40,40,40,40,39,45,6
PRT,45,44,45,45,45,45,45,44,45,45,45,45,45,44,45,45,45,45,44,44,45,45,45,45,44,44,45,45,45,45,44,44,45,45,45,45,41,41,41,41,41,41,41,41,41,41,41,41,41,41,41,41,41,41,41,45,4
BGD,46,46,46,46,46,46,46,46,46,46,46,46,46,46,46,46,46,46,46,46,46,46,46,46,46,46,46,46,46,46,46,46,46,46,46,46,48,48,48,48,48,48,48,48,48,48,48,48,48,48,48,48,48,48,46,48,2
GIN,47,47,47,47,47,47,47,47,47,47,47,47,47,47,47,47,47,47,49,50,49,50,49,50,49,50,49,50,49,50,49,50,49,50,49,50,51,52,51,52,50,51,51,52,51,52,50,51,51,52,51,52,50,51,47,52,5
TTO,48,48,49,48,49,49,48,48,49,48,49,49,48,48,49,48,49,49,52,51,52,51,52,52,52,51,52,51,52,52,52,51,52,51,52,52,55,54,55,55,55,55,55,54,55,55,55,55,55,54,55,55,55,55,48,55,7
PAK,49,49,48,49,48,48,49,49,48,49,48,48,49,49,48,49,48,48,55,55,54,54,54,54,55,55,54,54,54,54,55,55,54,54,54,54,58,58,57,57,57,57,58,58,57,57,57,57,58,58,57,57,57,57,48,58,10
GHA,50,50,50,50,50,50,50,50,50,50,50,50,50,50,50,50,50,50,59,59,59,59,60,61,59,59,59,59,60,61,59,59,59,59,60,61,67,67,67,67,67,67,67,67,67,67,67,67,67,67,67,67,67,67,50,67,17
DNK,51,52,51,52,51,52,51,52,51,52,51,52,51,52,51,52,51,52,51,52,51,52,51,51,51,52,51,52,51,51,51,52,51,52,51,51,49,50,49,49,49,49,49,50,49,49,49,49,49,50,49,49,49,49,49,52,3
AGO,52,51,52,51,52,51,52,51,52,51,52,51,52,51,52,51,52,51,47,47,47,48,47,48,47,47,47,48,47,48,47,47,47,48,47,48,46,46,46,46,47,46,46,46,46,46,47,46,46,46,46,46,47,46,46,52,6
ECU,53,53,53,53,53,53,53,53,53,53,53,53,53,53,53,53,53,53,54,54,55,55,55,55,54,54,55,55,55,55,54,54,55,55,55,55,54,55,54,54,54,54,54,55,54,54,54,54,54,55,54,54,54,54,53,55,2
DOM,54,54,54,54,54,54,54,54,54,54,54,54,54,54,54,54,54,54,53,53,53,53,53,53,53,53,53,53,53,53,53,53,53,53,53,53,50,49,50,50,51,50,50,49,50,50,51,50,50,49,50,50,51,50,49,54,5
IRQ,55,55,55,55,55,55,55,55,55,55,55,55,55,55,55,55,55,55,48,48,48,47,48,47,48,48,48,47,48,47,48,48,48,47,48,47,45,45,45,45,45,44,45,45,45,45,45,44,45,45,45,45,45,44,44,55,11
TGO,56,57,56,56,56,56,56,57,56,56,56,56,56,57,56,56,56,56,58,58,58,58,58,58,58,58,58,58,58,58,58,58,58,58,58,58,60,60,60,59,59,59,60,60,60,59,59,59,60,60,60,59,59,59,56,60,4
KWT,57,56,57,57,57,57,57,56,57,57,57,57,57,56,57,57,57,57,50,49,50,49,50,49,50,49,50,49,50,49,50,49,50,49,50,49,44,44,44,44,44,45,44,44,44,44,44,45,44,44,44,44,44,45,44,57,13
NOR,58,58,58,58,58,58,58,58,58,58,58,58,58,58,58,58,58,58,57,57,57,57,57,57,57,57,57,57,57,57,57,57,57,57,57,57,57,57,58,58,58,58,57,57,58,58,58,58,57,57,58,58,58,58,57,58,1
SWE,59,59,59,59,59,59,59,59,59,59,59,59,59,59,59,59,59,59,56,56,56,56,56,56,56,56,56,56,56,56,56,56,56,56,56,56,56,56,56,56,56,56,56,56,56,56,56,56,56,56,56,56,56,56,56,59,3
URY,60,60,60,60,60,60,60,60,60,60,60,60,60,60,60,60,60,60,67,66,67,67,67,67,67,66,67,67,67,67,67,66,67,67,67,67,76,76,76,76,77,77,76,76,76,76,77,77,76,76,76,76,77,77,60,77,17
JAM,61,61,61,61,62,62,61,61,61,61,62,62,61,61,61,61,62,62,63,63,63,63,63,63,63,63,63,63,63,63,63,63,63,63,63,63,63,63,63,63,63,63,63,63,63,63,63,63,63,63,63,63,63,63,61,63,2
MOZ,62,62,62,62,63,63,62,62,62,62,63,63,62,62,62,62,63,63,60,60,60,60,61,62,60,60,60,60,61,62,60,60,60,60,61,62,59,59,59,60,60,60,59,59,59,60,60,60,59,59,59,60,60,60,59,63,4
DZA,63,63,63,63,61,61,63,63,63,63,61,61,63,63,63,63,61,61,62,61,62,61,62,59,62,61,62,61,62,59,62,61,62,61,62,59,61,61,61,61,61,61,61,61,61,61,61,61,61,61,61,61,61,61,59,63,4
ISR,64,64,64,64,64,64,64,64,64,64,64,64,64,64,64,64,64,64,66,67,65,65,65,65,66,67,65,65,65,65,66,67,65,65,65,65,68,68,68,68,68,68,68,68,68,68,68,68,68,68,68,68,68,68,64,68,4
POL,65,65,65,65,65,65,65,65,65,65,65,65,65,65,65,65,65,65,69,70,69,69,69,69,69,70,69,69,69,69,69,70,69,69,69,69,74,74,74,74,74,74,74,74,74,74,74,74,74,74,74,74,74,74,65,74,9
PNG,66,66,66,66,66,66,66,66,66,66,66,66,66,66,66,66,66,66,68,68,68,68,68,68,68,68,68,68,68,68,68,68,68,68,68,68,65,65,65,65,65,65,65,65,65,65,65,65,65,65,65,65,65,65,65,68,3
COG,67,67,67,67,67,67,67,67,67,67,67,67,67,67,67,67,67,67,70,69,70,70,71,70,70,69,70,70,71,70,70,69,70,70,71,70,73,73,73,73,73,73,73,73,73,73,73,73,73,73,73,73,73,73,67,73,6
GTM,68,68,68,68,68,68,68,68,68,68,68,68,68,68,68,68,68,68,65,65,66,66,66,66,65,65,66,66,66,66,65,65,66,66,66,66,64,64,64,64,64,64,64,64,64,64,64,64,64,64,64,64,64,64,64,68,4
CIV,69,69,69,69,69,69,69,69,69,69,69,69,69,69,69,69,69,69,64,64,64,64,64,64,64,64,64,64,64,64,64,64,64,64,64,64,62,62,62,62,62,62,62,62,62,62,62,62,62,62,62,62,62,62,62,69,7
KEN,70,70,70,70,70,70,70,70,70,70,70,70,70,70,70,70,70,70,72,72,72,72,72,72,72,72,72,72,72,72,72,72,72,72,72,72,71,71,70,71,70,71,71,71,70,71,70,71,71,71,70,71,70,71,70,72,2
NAM,71,71,73,73,73,73,71,71,73,73,73,73,71,71,73,73,73,73,73,73,73,73,74,74,73,73,73,73,74,74,73,73,73,73,74,74,72,72,72,72,72,72,72,72,72,72,72,72,72,72,72,72,72,72,71,74,3
BHS,72,72,71,71,71,71,72,72,71,71,71,71,72,72,71,71,71,71,61,62,61,62,59,60,61,62,61,62,59,60,61,62,61,62,59,60,53,53,53,53,53,53,53,53,53,53,53,53,53,53,53,53,53,53,53,72,19
IRN,73,73,72,72,72,72,73,73,72,72,72,72,73,73,72,72,72,72,76,76,75,76,73,73,76,76,75,76,73,73,76,76,75,76,73,73,78,78,77,77,75,75,78,78,77,77,75,75,78,78,77,77,75,75,72,78,6
VEN,74,74,74,74,74,74,74,74,74,74,74,74,74,74,74,74,74,74,74,74,74,74,75,75,74,74,74,74,75,75,74,74,74,74,75,75,70,70,71,70,71,70,70,70,71,70,71,70,70,70,71,70,71,70,70,75,5
CRI,75,75,75,75,75,75,75,75,75,75,75,75,75,75,75,75,75,75,71,71,71,71,70,71,71,71,71,71,70,71,71,71,71,71,70,71,66,66,66,66,66,66,66,66,66,66,66,66,66,66,66,66,66,66,66,75,9
DJI,76,77,76,76,76,76,76,77,76,76,76,76,76,77,76,76,76,76,79,79,79,79,79,79,79,79,79,79,79,79,79,79,79,79,79,79,81,81,81,81,80,80,81,81,81,81,80,80,81,81,81,81,80,80,76,81,5
SEN,77,76,77,77,77,77,77,76,77,77,77,77,77,76,77,77,77,77,77,77,77,77,77,77,77,77,77,77,77,77,77,77,77,77,77,77,75,75,75,75,76,76,75,75,75,75,76,76,75,75,75,75,76,76,75,77,2
CMR,78,78,78,78,78,78,78,78,78,78,78,78,78,78,78,78,78,78,75,75,76,75,76,76,75,75,76,75,76,76,75,75,76,75,76,76,69,69,69,69,69,69,69,69,69,69,69,69,69,69,69,69,69,69,69,78,9
FIN,79,79,79,79,79,79,79,79,79,79,79,79,79,79,79,79,79,79,78,78,78,78,78,78,78,78,78,78,78,78,78,78,78,78,78,78,77,77,78,78,78,78,77,77,78,78,78,78,77,77,78,78,78,78,77,79,2
BRN,80,80,80,80,80,80,80,80,80,80,80,80,80,80,80,80,80,80,81,81,81,81,81,81,81,81,81,81,81,81,81,81,81,81,81,81,82,82,82,82,82,82,82,82,82,82,82,82,82,82,82,82,82,82,80,82,2
TZA,81,81,81,81,81,81,81,81,81,81,81,81,81,81,81,81,81,81,80,80,80,80,80,80,80,80,80,80,80,80,80,80,80,80,80,80,79,79,79,79,79,79,79,79,79,79,79,79,79,79,79,79,79,79,79,81,2
PRI,82,82,82,82,82,82,82,82,82,82,82,82,82,82,82,82,82,82,83,83,83,83,83,83,83,83,83,83,83,83,83,83,83,83,83,83,85,84,86,84,86,86,85,84,86,84,86,86,85,84,86,84,86,86,82,86,4
IRL,83,83,83,83,83,83,83,83,83,83,83,83,83,83,83,83,83,83,84,84,84,84,85,85,84,84,84,84,85,85,84,84,84,84,85,85,87,87,87,87,87,87,87,87,87,87,87,87,87,87,87,87,87,87,83,87,4
SVN,84,85,84,85,84,84,84,85,84,85,84,84,84,85,84,85,84,84,96,96,96,96,97,97,96,96,96,96,97,97,96,96,96,96,97,97,138,139,138,139,138,138,138,139,138,139,138,138,138,139,138,139,138,138,84,139,55
GNQ,85,84,85,84,85,85,85,84,85,84,85,85,85,84,85,84,85,85,82,82,82,82,82,82,82,82,82,82,82,82,82,82,82,82,82,82,80,80,80,80,81,81,80,80,80,80,81,81,80,80,80,80,81,81,80,85,5
LBY,86,86,86,86,86,86,86,86,86,86,86,86,86,86,86,86,86,86,85,85,85,85,84,84,85,85,85,85,84,84,85,85,85,85,84,84,84,85,85,85,85,85,84,85,85,85,85,85,84,85,85,85,85,85,84,86,2
REU,87,87,87,87,87,87,87,87,87,87,87,87,87,87,87,87,87,87,88,88,88,88,88,88,88,88,88,88,88,88,88,88,88,88,88,88,92,92,92,92,92,92,92,92,92,92,92,92,92,92,92,92,92,92,87,92,5
BHR,88,88,88,88,88,88,88,88,88,88,88,88,88,88,88,88,88,88,89,90,89,89,90,90,89,90,89,89,90,90,89,90,89,89,90,90,94,94,94,95,94,94,94,94,94,95,94,94,94,94,94,95,94,94,88,95,7
UKR,89,89,89,89,89,89,89,89,89,89,89,89,89,89,89,89,89,89,91,92,90,90,89,89,91,92,90,90,89,89,91,92,90,90,89,89,95,95,93,93,93,93,95,95,93,93,93,93,95,95,93,93,93,93,89,95,6
CYP,90,90,90,90,90,90,90,90,90,90,90,90,90,90,90,90,90,90,99,99,100,100,100,100,99,99,100,100,100,100,99,99,100,100,100,100,113,113,112,113,111,111,113,113,112,113,111,111,113,113,112,113,111,111,90,113,23
COD,91,91,91,91,91,91,91,91,91,91,91,91,91,91,91,91,91,91,90,89,91,91,91,91,90,89,91,91,91,91,90,89,91,91,91,91,89,89,90,90,90,90,89,89,90,90,90,90,89,89,90,90,90,90,89,91,2
GAB,92,92,92,92,92,92,92,92,92,92,92,92,92,92,92,92,92,92,86,86,86,86,86,86,86,86,86,86,86,86,86,86,86,86,86,86,83,83,83,83,83,83,83,83,83,83,83,83,83,83,83,83,83,83,83,92,9
EST,93,94,93,93,93,93,93,94,93,93,93,93,93,94,93,93,93,93,95,95,95,95,95,95,95,95,95,95,95,95,95,95,95,95,95,95,98,98,98,98,98,98,98,98,98,98,98,98,98,98,98,98,98,98,93,98,5
NCL,94,93,97,94,97,97,94,93,97,94,97,97,94,93,97,94,97,97,94,93,94,94,94,94,94,93,94,94,94,94,94,93,94,94,94,94,91,91,91,91,91,91,91,91,91,91,91,91,91,91,91,91,91,91,91,97,6
LBN,95,95,94,95,94,94,95,95,94,95,94,94,95,95,94,95,94,94,101,101,101,101,101,101,101,101,101,101,101,101,101,101,101,101,101,101,109,109,108,108,107,107,109,109,108,108,107,107,109,109,108,108,107,107,94,109,15
LTU,96,96,96,97,96,96,96,96,96,97,96,96,96,96,96,97,96,96,93,94,93,93,92,93,93,94,93,93,92,93,93,94,93,93,92,93,90,90,89,89,89,89,90,90,89,89,89,89,90,90,89,89,89,89,89,97,8
JOR,97,97,95,96,95,95,97,97,95,96,95,95,97,97,95,96,95,95,87,87,87,87,87,87,87,87,87,87,87,87,87,87,87,87,87,87,86,86,84,86,84,84,86,86,84,86,84,84,86,86,84,86,84,84,84,97,13
BEN,98,98,98,98,98,98,98,98,98,98,98,98,98,98,98,98,98,98,103,103,103,103,102,102,103,103,103,103,102,102,103,103,103,103,102,102,108,108,109,109,109,109,108,108,109,109,109,109,108,108,109,109,109,109,98,109,11
HND,99,99,99,99,100,100,99,99,99,99,100,100,99,99,99,99,100,100,92,91,92,92,93,92,92,91,92,92,93,92,92,91,92,92,93,92,88,88,88,88,88,88,88,88,88,88,88,88,88,88,88,88,88,88,88,100,12
ROU,100,100,100,100,99,99,100,100,100,100,99,99,100,100,100,100,99,99,100,100,99,99,96,96,100,100,99,99,96,96,100,100,99,99,96,96,100,100,99,99,99,99,100,100,99,99,99,99,100,100,99,99,99,99,96,100,4
MRT,101,101,101,101,101,101,101,101,101,101,101,101,101,101,101,101,101,101,98,98,98,98,98,99,98,98,98,98,98,99,98,98,98,98,98,99,96,96,96,96,96,96,96,96,96,96,96,96,96,96,96,96,96,96,96,101,5
MMR,102,102,102,102,102,102,102,102,102,102,102,102,102,102,102,102,102,102,97,97,97,97,99,98,97,97,97,97,99,98,97,97,97,97,99,98,93,93,95,94,95,95,93,93,95,94,95,95,93,93,95,94,95,95,93,102,9
SLE,103,103,103,103,103,103,103,103,103,103,103,103,103,103,103,103,103,103,107,108,107,107,107,107,107,108,107,107,107,107,107,108,107,107,107,107,105,105,104,105,103,104,105,105,104,105,103,104,105,105,104,105,103,104,103,108,5
HRV,104,104,104,104,104,104,104,104,104,104,104,104,104,104,104,104,104,104,106,106,106,106,106,106,106,106,106,106,106,106,106,106,106,106,106,106,102,103,102,102,102,102,102,103,102,102,102,102,102,103,102,102,102,102,102,106,4
TUN,105,105,105,105,105,105,105,105,105,105,105,105,105,105,105,105,105,105,105,105,105,105,104,105,105,105,105,105,104,105,105,105,105,105,104,105,101,101,101,101,101,101,101,101,101,101,101,101,101,101,101,101,101,101,101,105,4
ISL,106,106,106,106,106,106,106,106,106,106,106,106,106,106,106,106,106,106,108,107,108,108,108,108,108,107,108,108,108,108,108,107,108,108,108,108,103,102,105,103,105,105,103,102,105,103,105,105,103,102,105,103,105,105,102,108,6
GLP,107,108,108,108,109,110,107,108,108,108,109,110,107,108,108,108,109,110,114,114,116,116,116,116,114,114,116,116,116,116,114,114,116,116,116,116,117,117,117,117,118,118,117,117,117,117,118,118,117,117,117,117,118,118,107,118,11
BES,108,107,107,107,107,107,108,107,107,107,107,107,108,107,107,107,107,107,104,104,104,104,105,104,104,104,104,104,105,104,104,104,104,104,105,104,99,99,100,100,100,100,99,99,100,100,100,100,99,99,100,100,100,100,99,108,9
PYF,109,110,109,110,110,111,109,110,109,110,110,111,109,110,109,110,110,111,110,110,110,111,111,111,110,110,110,111,111,111,110,110,110,111,111,111,110,111,111,112,112,113,110,111,111,112,112,113,110,111,111,112,112,113,109,113,4
VIR,110,109,111,109,111,109,110,109,111,109,111,109,110,109,111,109,111,109,113,112,113,112,113,113,113,112,113,112,113,113,113,112,113,112,113,113,116,115,116,116,116,116,116,115,116,116,116,116,116,115,116,116,116,116,109,116,7
LVA,111,111,112,112,112,112,111,111,112,112,112,112,111,111,112,112,112,112,102,102,102,102,103,103,102,102,102,102,103,103,102,102,102,102,103,103,97,97,97,97,97,97,97,97,97,97,97,97,97,97,97,97,97,97,97,112,15
CUB,112,112,110,111,108,108,112,112,110,111,108,108,112,112,110,111,108,108,109,109,109,109,109,109,109,109,109,109,109,109,109,109,109,109,109,109,107,107,107,107,108,108,107,107,107,107,108,108,107,107,107,107,108,108,107,112,5
KHM,113,114,113,114,113,113,113,114,113,114,113,113,113,114,113,114,113,113,118,118,118,118,118,118,118,118,118,118,118,118,118,118,118,118,118,118,126,126,126,126,127,126,126,126,126,126,127,126,126,126,126,126,127,126,113,127,14
FJI,114,115,114,115,114,115,114,115,114,115,114,115,114,115,114,115,114,115,112,113,114,113,115,114,112,113,114,113,115,114,112,113,114,113,115,114,111,110,113,111,113,112,111,110,113,111,113,112,111,110,113,111,113,112,110,115,5
GUM,115,113,115,113,116,114,115,113,115,113,116,114,115,113,115,113,116,114,117,117,117,117,119,117,117,117,117,117,119,117,117,117,117,117,119,117,121,121,123,123,124,123,121,121,123,123,124,123,121,121,123,123,124,123,113,124,11
SLV,116,116,116,116,115,116,116,116,116,116,115,116,116,116,116,116,115,116,116,116,115,115,114,115,116,116,115,115,114,115,116,116,115,115,114,115,112,112,110,110,110,110,112,112,110,110,110,110,112,112,110,110,110,110,110,116,6
MDG,117,117,117,117,118,118,117,117,117,117,118,118,117,117,117,117,118,118,111,111,111,110,110,110,111,111,111,110,110,110,111,111,111,110,110,110,104,104,103,104,104,103,104,104,103,104,104,103,104,104,103,104,104,103,103,118,15
SDN,118,118,118,118,117,117,118,118,118,118,117,117,118,118,118,118,117,117,115,115,112,114,112,112,115,115,112,114,112,112,115,115,112,114,112,112,106,106,106,106,106,106,106,106,106,106,106,106,106,106,106,106,106,106,106,118,12
CPV,119,119,119,119,119,119,119,119,119,119,119,119,119,119,119,119,119,119,119,119,119,119,117,119,119,119,119,119,117,119,119,119,119,119,117,119,114,114,114,114,115,115,114,114,114,114,115,115,114,114,114,114,115,115,114,119,5
BGR,120,120,120,120,120,120,120,120,120,120,120,120,120,120,120,120,120,120,121,121,121,121,121,121,121,121,121,121,121,121,121,121,121,121,121,121,122,122,121,121,120,120,122,122,121,121,120,120,122,122,121,121,120,120,120,122,2
MTQ,121,121,121,121,121,122,121,121,121,121,121,122,121,121,121,121,121,122,130,130,130,130,131,131,130,130,130,130,131,131,130,130,130,130,131,131,133,133,133,133,133,133,133,133,133,133,133,133,133,133,133,133,133,133,121,133,12
ABW,122,122,122,122,122,121,122,122,122,122,122,121,122,122,122,122,122,121,124,124,125,124,125,125,124,124,125,124,125,125,124,124,125,124,125,125,125,125,125,125,125,125,125,125,125,125,125,125,125,125,125,125,125,125,121,125,4
LBR,123,123,123,123,124,123,123,123,123,123,124,123,123,123,123,123,124,123,120,120,120,120,120,120,120,120,120,120,120,120,120,120,120,120,120,120,115,116,115,115,114,114,115,116,115,115,114,114,115,116,115,115,114,114,114,124,10
HTI,124,124,126,125,128,128,124,124,126,125,128,128,124,124,126,125,128,128,126,126,128,126,128,128,126,126,128,126,128,128,126,126,128,126,128,128,127,127,127,127,128,128,127,127,127,127,128,128,127,127,127,127,128,128,124,128,4
GEO,125,125,124,124,125,125,125,125,124,124,125,125,125,125,124,124,125,125,128,128,126,128,126,126,128,128,126,128,126,126,128,128,126,128,126,126,129,129,128,129,126,127,129,129,128,129,126,127,129,129,128,129,126,127,124,129,5
SLB,126,126,127,126,127,127,126,126,127,126,127,127,126,126,127,126,127,127,129,129,129,129,129,129,129,129,129,129,129,129,129,129,129,129,129,129,130,130,130,130,130,130,130,130,130,130,130,130,130,130,130,130,130,130,126,130,4
SXM,127,127,130,130,131,131,127,127,130,130,131,131,127,127,130,130,131,131,134,134,134,134,135,134,134,134,134,134,135,134,134,134,134,134,135,134,137,135,137,135,137,137,137,135,137,135,137,137,137,135,137,135,137,137,127,137,10
CUW,128,128,129,129,129,129,128,128,129,129,129,129,128,128,129,129,129,129,133,133,132,132,132,132,133,133,132,132,132,132,133,133,132,132,132,132,132,131,132,132,132,132,132,131,132,132,132,132,132,131,132,132,132,132,128,133,5
NIC,129,129,128,128,126,126,129,129,128,128,126,126,129,129,128,128,126,126,123,123,122,122,122,122,123,123,122,122,122,122,123,123,122,122,122,122,119,119,118,118,117,117,119,119,118,118,117,117,119,119,118,118,117,117,117,129,12
MDV,130,130,131,131,130,130,130,130,131,131,130,130,130,130,131,131,130,130,122,122,123,123,124,124,122,122,123,123,124,124,122,122,123,123,124,124,118,118,119,119,119,119,118,118,119,119,119,119,118,118,119,119,119,119,118,131,13
YEM,131,131,125,127,123,124,131,131,125,127,123,124,131,131,125,127,123,124,125,125,124,125,123,123,125,125,124,125,123,123,125,125,124,125,123,123,123,124,122,122,121,121,123,124,122,122,121,121,123,124,122,122,121,121,121,131,10
BRB,132,132,132,132,133,133,132,132,132,132,133,133,132,132,132,132,133,133,137,137,137,137,138,138,137,137,137,137,138,138,137,137,137,137,138,138,144,144,144,144,144,144,144,144,144,144,144,144,144,144,144,144,144,144,132,144,12
FRO,133,133,134,133,134,134,133,133,134,133,134,134,133,133,134,133,134,134,132,131,133,133,133,133,132,131,133,133,133,133,132,131,133,133,133,133,128,128,129,128,129,129,128,128,129,128,129,129,128,128,129,128,129,129,128,134,6
SOM,134,134,133,134,132,132,134,134,133,134,132,132,134,134,133,134,132,132,127,127,127,127,127,127,127,127,127,127,127,127,127,127,127,127,127,127,120,120,120,120,122,122,120,120,120,120,122,122,120,120,120,120,122,122,120,134,14
SYC,135,135,135,135,135,135,135,135,135,135,135,135,135,135,135,135,135,135,135,135,135,135,134,135,135,135,135,135,134,135,135,135,135,135,134,135,131,132,131,131,131,131,131,132,131,131,131,131,131,132,131,131,131,131,131,135,4
GUY,136,137,136,136,136,136,136,137,136,136,136,136,136,137,136,136,136,136,131,132,131,131,130,130,131,132,131,131,130,130,131,132,131,131,130,130,124,123,124,124,123,124,124,123,124,124,123,124,124,123,124,124,123,124,123,137,14
GRL,137,136,137,137,137,137,137,136,137,137,137,137,137,136,137,137,137,137,136,136,136,136,136,136,136,136,136,136,136,136,136,136,136,136,136,136,134,134,134,134,134,134,134,134,134,134,134,134,134,134,134,134,134,134,134,137,3
MHL,138,138,138,138,138,138,138,138,138,138,138,138,138,138,138,138,138,138,141,141,141,141,142,141,141,141,141,141,142,141,141,141,141,141,142,141,145,145,146,145,146,146,145,145,146,145,146,146,145,145,146,145,146,146,138,146,8
COM,139,139,139,139,139,139,139,139,139,139,139,139,139,139,139,139,139,139,138,138,138,138,137,137,138,138,138,138,137,137,138,138,138,138,137,137,136,137,136,137,135,136,136,137,136,137,135,136,136,137,136,137,135,136,135,139,4
LCA,140,140,140,140,140,140,140,140,140,140,140,140,140,140,140,140,140,140,139,140,139,139,139,139,139,140,139,139,139,139,139,140,139,139,139,139,140,140,140,140,140,140,140,140,140,140,140,140,140,140,140,140,140,140,139,140,1
VUT,141,141,141,141,142,141,141,141,141,141,142,141,141,141,141,141,142,141,140,139,140,140,140,140,140,139,140,140,140,140,140,139,140,140,140,140,139,138,139,138,139,139,139,138,139,138,139,139,139,138,139,138,139,139,138,142,4
GMB,142,142,142,142,141,142,142,142,142,142,141,142,142,142,142,142,141,142,142,143,142,142,141,142,142,143,142,142,141,142,142,143,142,142,141,142,143,143,143,143,141,143,143,143,143,143,141,143,143,143,143,143,141,143,141,143,2
SUR,143,143,143,143,144,143,143,143,143,143,144,143,143,143,143,143,144,143,143,142,143,143,143,143,143,142,143,143,143,143,143,142,143,143,143,143,142,142,142,142,142,142,142,142,142,142,142,142,142,142,142,142,142,142,142,144,2
ALB,144,144,144,144,143,144,144,144,144,144,143,144,144,144,144,144,143,144,146,146,144,145,144,144,146,146,144,145,144,144,146,146,144,145,144,144,146,146,145,146,145,145,146,146,145,146,145,145,146,146,145,146,145,145,143,146,3
BLZ,145,145,145,145,145,145,145,145,145,145,145,145,145,145,145,145,145,145,147,147,147,147,147,147,147,147,147,147,147,147,147,147,147,147,147,147,153,153,153,153,153,153,153,153,153,153,153,153,153,153,153,153,153,153,145,153,8
MYT,146,146,146,146,146,146,146,146,146,146,146,146,146,146,146,146,146,146,152,152,150,152,149,150,152,152,150,152,149,150,152,152,150,152,149,150,160,160,160,160,159,159,160,160,160,160,159,159,160,160,160,160,159,159,146,160,14
WSM,147,147,147,147,148,147,147,147,147,147,148,147,147,147,147,147,148,147,149,150,149,149,151,149,149,150,149,149,151,149,149,150,149,149,151,149,154,154,154,154,156,155,154,154,154,154,156,155,154,154,154,154,156,155,147,156,9
MNE,148,149,148,148,147,148,148,149,148,148,147,148,148,149,148,148,147,148,153,153,153,153,150,153,153,153,153,153,150,153,153,153,153,153,150,153,155,157,155,156,155,156,155,157,155,156,155,156,155,157,155,156,155,156,147,157,10
FSM,149,148,149,149,149,149,149,148,149,149,149,149,149,148,149,149,149,149,144,144,145,144,145,145,144,144,145,144,145,145,144,144,145,144,145,145,141,141,141,141,143,141,141,141,141,141,143,141,141,141,141,141,143,141,141,149,8
HKG,150,151,151,152,151,152,150,151,151,152,151,152,150,151,151,152,151,152,162,162,161,161,160,161,162,162,161,161,160,161,162,162,161,161,160,161,175,175,175,175,176,175,175,175,175,175,176,175,175,175,175,175,176,175,150,176,26
SYR,151,152,150,150,150,150,151,152,150,150,150,150,151,152,150,150,150,150,156,156,156,156,154,154,156,156,156,156,154,154,156,156,156,156,154,154,158,158,156,158,154,154,158,158,156,158,154,154,158,158,156,158,154,154,150,158,8
KIR,152,150,152,151,152,151,152,150,152,151,152,151,152,150,152,151,152,151,148,148,148,148,148,148,148,148,148,148,148,148,148,148,148,148,148,148,148,147,148,147,147,147,148,147,148,147,147,147,148,147,148,147,147,147,147,152,5
ATG,153,153,153,153,153,153,153,153,153,153,153,153,153,153,153,153,153,153,150,149,151,150,152,151,150,149,151,150,152,151,150,149,151,150,152,151,150,150,150,150,150,150,150,150,150,150,150,150,150,150,150,150,150,150,149,153,4
TON,154,154,154,154,155,155,154,154,154,154,155,155,154,154,154,154,155,155,154,154,154,154,155,155,154,154,154,154,155,155,154,154,154,154,155,155,151,152,151,152,151,151,151,152,151,152,151,151,151,152,151,152,151,151,151,155,4
GUF,155,155,155,155,154,154,155,155,155,155,154,154,155,155,155,155,154,154,157,157,157,157,157,157,157,157,157,157,157,157,157,157,157,157,157,157,156,155,157,155,157,157,156,155,157,155,157,157,156,155,157,155,157,157,154,157,3
MNP,156,156,156,156,156,156,156,156,156,156,156,156,156,156,156,156,156,156,151,151,152,151,153,152,151,151,152,151,153,152,151,151,152,151,153,152,147,148,147,148,148,148,147,148,147,148,148,148,147,148,147,148,148,148,147,156,9
ESH,157,157,158,158,158,158,157,157,158,158,158,158,157,157,158,158,158,158,155,155,155,155,156,156,155,155,155,155,156,156,155,155,155,155,156,156,149,149,149,149,149,149,149,149,149,149,149,149,149,149,149,149,149,149,149,158,9
TLS,158,158,157,157,157,157,158,158,157,157,157,157,158,158,157,157,157,157,158,158,158,158,158,158,158,158,158,158,158,158,158,158,158,158,158,158,157,156,158,157,158,158,157,156,158,157,158,158,157,156,158,157,158,158,156,158,2
ERI,159,159,159,159,159,159,159,159,159,159,159,159,159,159,159,159,159,159,159,159,159,159,159,159,159,159,159,159,159,159,159,159,159,159,159,159,159,159,159,159,160,160,159,159,159,159,160,160,159,159,159,159,160,160,159,160,1
ASM,160,160,160,160,160,160,160,160,160,160,160,160,160,160,160,160,160,160,145,145,146,146,146,146,145,145,146,146,146,146,145,145,146,146,146,146,135,136,135,136,136,135,135,136,135,136,136,135,135,136,135,136,136,135,135,160,25
GNB,161,161,161,161,161,161,161,161,161,161,161,161,161,161,161,161,161,161,161,161,160,162,161,162,161,161,160,162,161,162,161,161,160,162,161,162,161,161,161,161,161,161,161,161,161,161,161,161,161,161,161,161,161,161,160,162,2
BMU,162,162,162,162,162,162,162,162,162,162,162,162,162,162,162,162,162,162,164,164,164,164,163,164,164,164,164,164,163,164,164,164,164,164,163,164,164,164,164,164,164,164,164,164,164,164,164,164,164,164,164,164,164,164,162,164,2
PLW,163,163,163,163,163,163,163,163,163,163,163,163,163,163,163,163,163,163,163,163,163,163,164,163,163,163,163,163,164,163,163,163,163,163,164,163,162,163,162,162,162,162,162,163,162,162,162,162,162,163,162,162,162,162,162,164,2
SHN,164,164,164,164,164,164,164,164,164,164,164,164,164,164,164,164,164,164,168,166,169,168,169,169,168,166,169,168,169,169,168,166,169,168,169,169,170,169,170,169,171,169,170,169,170,169,171,169,170,169,170,169,171,169,164,171,7
GRD,165,165,166,165,166,166,165,165,166,165,166,166,165,165,166,165,166,166,165,165,165,165,165,165,165,165,165,165,165,165,165,165,165,165,165,165,163,162,163,163,163,163,163,162,163,163,163,163,163,162,163,163,163,163,162,166,4
FLK,166,166,165,166,165,165,166,166,165,166,165,165,166,166,165,166,165,165,169,169,168,169,166,166,169,169,168,169,166,166,169,169,168,169,166,166,167,168,167,167,167,167,167,168,167,167,167,167,167,168,167,167,167,167,165,169,4
VGB,167,167,167,167,167,167,167,167,167,167,167,167,167,167,167,167,167,167,175,175,175,175,176,176,175,175,175,175,176,176,175,175,175,175,176,176,178,177,177,177,179,177,178,177,177,177,179,177,178,177,177,177,179,177,167,179,12
CYM,168,169,168,169,168,169,168,169,168,169,168,169,168,169,168,169,168,169,170,170,170,170,170,170,170,170,170,170,170,170,170,170,170,170,170,170,171,171,171,171,170,171,171,171,171,171,170,171,171,171,171,171,170,171,168,171,3
VCT,169,168,169,168,169,168,169,168,169,168,169,168,169,168,169,168,169,168,166,167,166,166,168,167,166,167,166,166,168,167,166,167,166,166,168,167,166,166,166,166,166,166,166,166,166,166,166,166,166,166,166,166,166,166,166,169,3
AZE,170,170,170,170,170,170,170,170,170,170,170,170,170,170,170,170,170,170,176,176,176,176,175,175,176,176,176,176,175,175,176,176,176,176,175,175,174,174,174,174,174,174,174,174,174,174,174,174,174,174,174,174,174,174,170,176,6
TKM,171,171,171,171,171,171,171,171,171,171,171,171,171,171,171,171,171,171,173,174,173,172,172,172,173,174,173,172,172,172,173,174,173,172,172,172,173,173,173,173,173,173,173,173,173,173,173,173,173,173,173,173,173,173,171,174,3
CXR,172,172,172,172,172,172,172,172,172,172,172,172,172,172,172,172,172,172,171,171,171,171,171,171,171,171,171,171,171,171,171,171,171,171,171,171,172,172,172,172,172,172,172,172,172,172,172,172,172,172,172,172,172,172,171,172,1
KNA,173,173,173,173,173,173,173,173,173,173,173,173,173,173,173,173,173,173,167,168,167,167,167,168,167,168,167,167,167,168,167,168,167,167,167,168,165,165,165,165,165,165,165,165,165,165,165,165,165,165,165,165,165,165,165,173,8
STP,174,174,174,174,174,174,174,174,174,174,174,174,174,174,174,174,174,174,172,172,172,173,173,173,172,172,172,173,173,173,172,172,172,173,173,173,169,170,169,170,169,170,169,170,169,170,169,170,169,170,169,170,169,170,169,174,5
DMA,175,175,175,175,175,175,175,175,175,175,175,175,175,175,175,175,175,175,174,173,174,174,174,174,174,173,174,174,174,174,174,173,174,174,174,174,168,167,168,168,168,168,168,167,168,168,168,168,168,167,168,168,168,168,167,175,8
TUV,176,176,176,176,176,176,176,176,176,176,176,176,176,176,176,176,176,176,178,177,178,177,178,177,178,177,178,177,178,177,178,177,178,177,178,177,179,179,179,179,178,178,179,179,179,179,178,178,179,179,179,179,178,178,176,179,3
NRU,177,177,177,177,177,177,177,177,177,177,177,177,177,177,177,177,177,177,177,178,177,178,177,178,177,178,177,178,177,178,177,178,177,178,177,178,176,176,176,176,175,176,176,176,176,176,175,176,176,176,176,176,175,176,175,178,3
ATA,178,178,178,178,178,178,178,178,178,178,178,178,178,178,178,178,178,178,180,180,179,179,179,179,180,180,179,179,179,179,180,180,179,179,179,179,180,180,180,180,177,179,180,180,180,180,177,179,180,180,180,180,177,179,177,180,3
COK,179,179,179,179,179,179,179,179,179,179,179,179,179,179,179,179,179,179,179,179,180,180,180,180,179,179,180,180,180,180,179,179,180,180,180,180,177,178,178,178,180,180,177,178,178,178,180,180,177,178,178,178,180,180,177,180,3
SJM,180,180,180,180,180,180,180,180,180,180,180,180,180,180,180,180,180,180,181,181,181,181,181,181,181,181,181,181,181,181,181,181,181,181,181,181,181,181,181,181,181,181,181,181,181,181,181,181,181,181,181,181,181,181,180,181,1
MAF,181,181,182,182,182,182,181,181,182,182,182,182,181,181,182,182,182,182,160,160,162,160,162,160,160,160,162,160,162,160,160,160,162,160,162,160,152,151,152,151,152,152,152,151,152,151,152,152,152,151,152,151,152,152,151,182,31
KAZ,182,182,181,181,181,181,182,182,181,181,181,181,182,182,181,181,181,181,182,182,182,182,182,182,182,182,182,182,182,182,182,182,182,182,182,182,182,182,182,182,182,182,182,182,182,182,182,182,182,182,182,182,182,182,181,182,1
WLF,183,183,183,183,183,183,183,183,183,183,183,183,183,183,183,183,183,183,183,183,183,183,183,183,183,183,183,183,183,183,183,183,183,183,183,183,184,184,184,184,184,184,184,184,184,184,184,184,184,184,184,184,184,184,183,184,1
CCK,184,184,184,184,184,184,184,184,184,184,184,184,184,184,184,184,184,184,185,185,186,186,186,186,185,185,186,186,186,186,185,185,186,186,186,186,188,188,188,188,188,188,188,188,188,188,188,188,188,188,188,188,188,188,184,188,4
NIU,185,185,186,186,186,186,185,185,186,186,186,186,185,185,186,186,186,186,184,184,184,184,184,184,184,184,184,184,184,184,184,184,184,184,184,184,183,183,183,183,183,183,183,183,183,183,183,183,183,183,183,183,183,183,183,186,3
PRK,186,186,185,185,185,185,186,186,185,185,185,185,186,186,185,185,185,185,186,186,185,185,185,185,186,186,185,185,185,185,186,186,185,185,185,185,186,186,186,186,185,185,186,186,186,186,185,185,186,186,186,186,185,185,185,186,1
SGS,187,187,187,187,187,187,187,187,187,187,187,187,187,187,187,187,187,187,187,187,187,187,187,187,187,187,187,187,187,187,187,187,187,187,187,187,185,185,185,185,186,186,185,185,185,185,186,186,185,185,185,185,186,186,185,187,2
PRY,188,188,188,188,188,188,188,188,188,188,188,188,188,188,188,188,188,188,188,188,188,188,188,188,188,188,188,188,188,188,188,188,188,188,188,188,187,187,187,187,187,187,187,187,187,187,187,187,187,187,187,187,187,187,187,188,1
MSR,189,189,189,189,189,189,189,189,189,189,189,189,189,189,189,189,189,189,189,189,189,189,189,189,189,189,189,189,189,189,189,189,189,189,189,189,189,189,189,189,189,189,189,189,189,189,189,189,189,189,189,189,189,189,189,189,0
AIA,190,190,190,190,190,190,190,190,190,190,190,190,190,190,190,190,190,190,190,190,190,190,190,190,190,190,190,190,190,190,190,190,190,190,190,190,191,191,191,191,191,191,191,191,191,191,191,191,191,191,191,191,191,191,190,191,1
MDA,191,191,191,191,191,191,191,191,191,191,191,191,191,191,191,191,191,191,192,192,192,192,192,192,192,192,192,192,192,192,192,192,192,192,192,192,193,193,193,193,193,193,193,193,193,193,193,193,193,193,193,193,193,193,191,193,2
BLM,192,192,192,192,192,192,192,192,192,192,192,192,192,192,192,192,192,192,193,193,193,193,193,193,193,193,193,193,193,193,193,193,193,193,193,193,192,192,192,192,192,192,192,192,192,192,192,192,192,192,192,192,192,192,192,193,1
IMN,193,193,193,193,193,193,193,193,193,193,193,193,193,193,193,193,193,193,194,194,194,194,194,194,194,194,194,194,194,194,194,194,194,194,194,194,194,194,194,194,194,194,194,194,194,194,194,194,194,194,194,194,194,194,193,194,1
SPM,194,194,194,194,194,194,194,194,194,194,194,194,194,194,194,194,194,194,191,191,191,191,191,191,191,191,191,191,191,191,191,191,191,191,191,191,190,190,190,190,190,190,190,190,190,190,190,190,190,190,190,190,190,190,190,194,4
ALA,195,195,195,195,195,195,195,195,195,195,195,195,195,195,195,195,195,195,195,195,195,195,195,195,195,195,195,195,195,195,195,195,195,195,195,195,195,195,195,195,195,195,195,195,195,195,195,195,195,195,195,195,195,195,195,195,0
