country,co2_t,vessels,co2_from_gappy_t,gappy_vessels,gappy_co2_share,gappy_vessel_share
CHN,469793301.5727176,20197,83317425.95165929,3124.0,0.17734911432908732,0.154676437094618
MYS,314397808.0275984,19199,55833417.644946024,2963.0,0.17758844438268115,0.15433095473722588
USA,310398634.1333371,13664,58318543.85842644,2145.0,0.18788273350898413,0.156981850117096
AUS,174342622.02548757,9614,27045021.78687758,1489.0,0.15512570289853622,0.15487830247555648
BRA,163824255.20974597,11146,27149663.10999101,1783.0,0.16572431887592592,0.1599677014175489
JPN,160227508.52118436,11875,25661164.95295179,1835.0,0.16015455267195283,0.15452631578947368
KOR,143020451.0766674,15888,25239302.927292403,2513.0,0.17647338361254816,0.15816968781470292
IND,103954484.00778043,14110,17077649.883839637,2181.0,0.16428006975207984,0.15457122608079377
ESP,92012114.35617322,14228,17036198.23615516,2277.0,0.18515168742030086,0.16003654765251615
ARE,90421276.3744012,11936,16711540.378554992,1968.0,0.1848186737528307,0.1648793565683646
SGP,84196546.39339906,16537,14215702.967149436,2556.0,0.16883950204712833,0.15456249622059623
EGY,83709247.46722054,13357,16090678.739230521,2193.0,0.19222104159437609,0.1641835741558733
IDN,69075219.83053337,13036,10216188.920874627,1936.0,0.14789947749625196,0.14851181343970543
TWN,57890141.01115647,9609,10190224.34065661,1475.0,0.17602693934866684,0.15350192527838485
SAU,50395672.87523577,9081,9285385.639237486,1393.0,0.18424966092277906,0.15339720295121684
CAN,48462420.21220962,8550,9022876.535265194,1397.0,0.18618295363201798,0.1633918128654971
ZAF,47938026.36149054,9213,7998963.117365362,1500.0,0.1668605014534155,0.16281341582546402
NLD,47728612.42944683,11008,9063790.095466673,1808.0,0.18990265239461773,0.16424418604651161
RUS,45125152.470451206,10790,8430390.330793587,1669.0,0.1868224231777159,0.15468025949953662
MEX,43696788.37173305,7365,8598134.796904614,1173.0,0.19676811768772118,0.15926680244399186
QAT,42802838.316920966,4914,9740235.181672255,810.0,0.2275604974967679,0.16483516483516483
TUR,42501024.94606889,11309,6940873.792120677,1817.0,0.16331073899813492,0.16066849411972764
GBR,37022860.51862929,9045,6972547.683955559,1498.0,0.18833087412160085,0.165616362631288
BEL,35581377.7615579,9336,7124709.764644193,1489.0,0.2002370400716109,0.15949014567266495
VNM,32883893.13650621,9246,5297520.399846932,1422.0,0.16109772580320986,0.1537962362102531
ITA,31731994.250185806,9152,5715876.829817248,1434.0,0.18012977012258782,0.15668706293706294
THA,30310491.82685952,8752,5038066.75867091,1299.0,0.16621527580118142,0.1484232175502742
COL,29407126.90241526,6482,5771699.629137433,1078.0,0.196268736088713,0.16630669546436286
FRA,28070395.070826393,8588,5204364.853109327,1420.0,0.18540404721692827,0.16534699580810433
LKA,25505809.845433693,5104,4886554.763283283,820.0,0.19158594817792557,0.16065830721003135
CHL,25241710.86358518,4984,4651849.101107226,800.0,0.18429214747951933,0.16051364365971107
DEU,23968412.97680997,7632,4951801.795799816,1318.0,0.206596982478181,0.17269392033542977
ARG,23595403.76626554,6698,3803502.9632931314,1079.0,0.16119677378570726,0.16109286354135563
NGA,22695350.052675802,4020,3991836.144227797,631.0,0.17588784200123656,0.15696517412935324
MAR,22212286.91031387,6466,3865743.6353022223,999.0,0.17403627329823634,0.15450046396535724
OMN,22028995.096242957,6730,4153218.4286525333,1080.0,0.18853417554942686,0.16047548291233285
PHL,21627898.845496196,8457,3559055.8166351467,1258.0,0.16455855661523433,0.14875251271136336
PER,20956291.551095717,4821,4560830.281801105,777.0,0.217635370775448,0.1611698817672682
GIB,19333641.123431,10875,3666217.4622605536,1732.0,0.18962891877709254,0.15926436781609196
NZL,18198025.0549134,2085,2507830.880686596,310.0,0.13780785954075223,0.1486810551558753
GRC,17291584.432260364,6743,3013356.8380126976,1072.0,0.1742672483147798,0.1589796826338425
PAN,17243306.755918592,4988,3312413.112877755,880.0,0.19209848550312442,0.1764234161988773
MUS,14631076.415975748,4703,2826829.8623461323,821.0,0.1932072379349685,0.1745694237720604
MLT,14324347.398898918,7383,2709403.454453313,1163.0,0.1891467289226439,0.15752404171745904
PRT,14313342.979589054,4809,2842614.1760490276,792.0,0.19859890034792144,0.16469120399251402
BGD,11725421.38067978,4432,1463787.4262166815,593.0,0.12483879075157114,0.13379963898916966
IRQ,10874562.224823106,2748,2202743.3759060404,486.0,0.20255926908743876,0.17685589519650655
AGO,10871833.048161102,2574,1971702.3258435468,439.0,0.18135877520461435,0.17055167055167056
KWT,10654150.00560971,3696,1860044.7754607496,597.0,0.17458406109181715,0.16152597402597402
GIN,10542529.380480705,2704,2554291.23712887,472.0,0.24228447888967636,0.17455621301775148
TTO,9686905.975292752,2617,2522537.652907657,430.0,0.2604069513363293,0.16431027894535727
DNK,9680174.565373736,6218,1826595.4230073132,1007.0,0.18869447143454393,0.16194917980057896
DOM,9544121.086480627,2792,2049363.7112066438,441.0,0.21472524212937685,0.1579512893982808
PAK,9193947.48205556,4638,1297433.63602577,681.0,0.1411182344208576,0.14683053040103494
ECU,9160289.39811162,2983,1712779.6656660652,473.0,0.18697877231031063,0.1585652028159571
SWE,8445507.824021958,5477,1434452.675064011,880.0,0.16984800736125416,0.16067190067555231
NOR,8285762.194466319,3821,1787189.868552572,635.0,0.21569408180048352,0.16618686207799005
TGO,7961561.777434895,3198,1452943.7940759086,507.0,0.18249482132939338,0.15853658536585366
GHA,7446142.440055029,3175,1285022.9369285663,507.0,0.1725756587754813,0.15968503937007875
MOZ,7423365.123729458,3858,1012876.0029877055,567.0,0.13644431953777347,0.1469673405909798
DZA,7303252.964430986,5104,1078055.9643992882,756.0,0.1476131211187318,0.1481191222570533
BHS,7286019.936955573,2200,1527987.8424610726,358.0,0.20971502352209245,0.16272727272727272
JAM,7076431.42960145,2388,1035328.9174496752,364.0,0.1463066416667003,0.152428810720268
CIV,6190108.394294592,2962,1057425.5916211684,487.0,0.1708250525299032,0.16441593517893316
ISR,5989393.259949392,2084,1242386.7415744937,377.0,0.20743115164640089,0.1809021113243762
GTM,5963005.250556031,3039,791828.5296494559,416.0,0.13279017816991195,0.13688713392563343
URY,5892064.435968472,3874,1033174.7191198326,639.0,0.17535020710444946,0.164945792462571
PNG,5821255.533405084,1064,797988.7968615124,159.0,0.13708190480254298,0.14943609022556392
POL,5174387.856661476,4238,924161.9898289526,747.0,0.17860315373135238,0.17626238791882964
COG,5125842.743875754,1266,783604.7996037243,220.0,0.15287335932027143,0.17377567140600317
CRI,5108192.637404872,1997,820890.9293178915,297.0,0.16070085597533978,0.14872308462694042
KEN,4886633.990542782,2492,615827.1138505616,344.0,0.12602276230271928,0.13804173354735153
NAM,4682872.782810079,1859,725865.74209912,297.0,0.15500436927597797,0.15976331360946747
VEN,4593711.790962438,1931,949239.1984211764,306.0,0.20663882316010498,0.15846711548420508
CMR,4470242.2698333915,1999,633742.7186977952,318.0,0.14176921080418647,0.15907953976988495
IRN,4465751.436753401,1202,1614388.119089959,285.0,0.3615042489385881,0.23710482529118138
SEN,4242959.90372412,2587,717615.3702685721,393.0,0.16913083944976914,0.1519134132199459
FIN,4041770.6691496484,2318,638463.0440113966,373.0,0.15796617281745068,0.16091458153580673
DJI,3905410.6199954925,2104,535596.2403359124,296.0,0.13714210679760241,0.14068441064638784
TZA,3649307.9274131805,2075,451031.22142342705,294.0,0.12359363210633241,0.1416867469879518
BRN,3539442.008185175,1462,201916.19745358187,167.0,0.05704746595272317,0.11422708618331054
GNQ,3483902.8876432525,647,727483.9728331328,113.0,0.20881293086939406,0.17465224111282843
PRI,3162819.257160171,1375,484334.551000773,186.0,0.15313380614599104,0.13527272727272727
IRL,2924876.623190487,2166,456361.0599650198,336.0,0.15602745645633978,0.15512465373961218
LBY,2869972.353580483,1920,408327.45837160177,279.0,0.14227574626709763,0.1453125
GAB,2674525.063464685,1533,420562.9506016522,242.0,0.15724771337788043,0.1578604044357469
JOR,2485741.729896513,2244,381835.57477832993,367.0,0.15361031686675938,0.16354723707664884
REU,2372340.7231468973,842,420024.5486556182,139.0,0.17705068439682556,0.16508313539192399
BHR,2239886.725141011,2710,344461.9232236342,394.0,0.1537854210917513,0.14538745387453875
UKR,2217465.7304186695,4149,373123.31722303125,667.0,0.16826565213821074,0.16076162930826704
COD,2217375.2878484884,791,390947.31281665474,151.0,0.17631084596238536,0.19089759797724398
HND,2168059.9695125245,1905,308150.8254469068,280.0,0.14213205805197016,0.14698162729658792
LTU,2131363.3791567194,2887,399657.4354313275,450.0,0.18751257497417131,0.15587114651887773
NCL,2116443.9169472544,620,238288.88973189486,89.0,0.11258927667481086,0.1435483870967742
EST,1904677.9074381941,2618,259037.99653691793,374.0,0.1360009456324959,0.14285714285714285
SVN,1824852.759810028,1664,371114.9101301146,269.0,0.20336704325051883,0.16165865384615385
MMR,1794785.601554401,1027,305439.3605580597,159.0,0.17018153048115015,0.15481986368062317
MRT,1772579.9264939225,1289,356919.6410167227,230.0,0.20135602106399372,0.17843289371605897
ROU,1734836.313360638,3609,262796.16381953,547.0,0.1514818209623791,0.1515655306178997
CYP,1714529.107671142,1569,300132.35570614634,229.0,0.17505235365401198,0.14595283620140218
LBN,1638741.9118284287,1411,309676.021563609,185.0,0.188971807780328,0.13111268603827073
LVA,1601325.2305206463,2518,237418.2254510114,387.0,0.14826358876130274,0.15369340746624305
BEN,1587385.9705674334,1231,234712.5038578707,189.0,0.14786101692329398,0.15353371242891958
BES,1512711.6285163115,1131,205123.50761325067,165.0,0.13559987491762632,0.14588859416445624
TUN,1492337.3571275596,2318,207447.9845223301,318.0,0.13900877273596135,0.1371872303710095
HRV,1485988.791689375,1531,279995.3524581569,231.0,0.18842359647937773,0.15088177661659047
SLE,1461691.3523021836,973,189838.2635938182,143.0,0.12987575201482884,0.14696813977389517
ISL,1446025.0324392107,403,435575.4735606894,76.0,0.30122263708391267,0.18858560794044665
CUB,1308741.9687495043,520,299575.80804828345,94.0,0.228903645792399,0.18076923076923077
MDG,1255407.7008684156,848,152801.6968590935,123.0,0.12171479970482454,0.14504716981132076
PYF,1252600.9164713607,170,189553.07623120988,33.0,0.15132758865065368,0.19411764705882353
VIR,1213108.7857614527,945,137012.6922370751,117.0,0.11294345061648696,0.12380952380952381
FJI,1200502.2418946752,398,134879.50003596113,62.0,0.11235255989450675,0.15577889447236182
SDN,1192074.5477899015,1099,191229.17400060673,164.0,0.16041712689457582,0.1492265696087352
SLV,1160412.7180591363,1663,170352.36148311239,246.0,0.14680325269791725,0.14792543595911004
GLP,1152128.7992845075,404,179672.75805128625,62.0,0.15594849999658564,0.15346534653465346
GUM,1049799.5998030326,244,319053.4071004238,37.0,0.3039183927678062,0.15163934426229508
KHM,1012395.9081519558,786,122380.17597428075,94.0,0.1208817370643818,0.11959287531806616
CPV,1000836.4290899502,973,152427.13321571308,159.0,0.15229974527837026,0.16341212744090441
LBR,872770.9970597903,995,115615.98233292923,135.0,0.1324700095700004,0.135678391959799
BGR,811641.834510909,2246,98441.38796401891,333.0,0.1212867348358641,0.14826357969723955
NIC,767619.9766942668,1211,110817.13007929677,175.0,0.1443645728926018,0.14450867052023122
MDV,754929.6776201096,644,153061.7702128521,124.0,0.2027497060327184,0.19254658385093168
ABW,739261.6596676491,637,113335.48893309219,110.0,0.15330903131652274,0.1726844583987441
YEM,736869.277721837,774,121234.02886776777,118.0,0.1645258291166439,0.1524547803617571
HTI,689868.8942197174,749,90737.95844517474,93.0,0.13152927926661304,0.12416555407209613
SOM,687670.2214617128,339,56183.200728056065,47.0,0.08170079054555099,0.13864306784660768
GEO,686241.8754404864,1158,87107.42370140192,163.0,0.12693399633400282,0.14075993091537134
SLB,655474.696405439,293,114009.0967257749,51.0,0.17393363519749877,0.17406143344709898
MTQ,636756.4716570611,403,109977.39850777862,61.0,0.17271500707574952,0.1513647642679901
GUY,625903.3447871906,588,90165.00753337138,99.0,0.14405580076270053,0.1683673469387755
CUW,620514.5757929601,709,75240.8163263689,114.0,0.12125551801940851,0.1607898448519041
FRO,618707.3998222589,140,134879.75674741375,37.0,0.21800249485647297,0.2642857142857143
SXM,571708.1955350633,129,13841.544819579321,16.0,0.02421085604103503,0.12403100775193798
SYC,539494.690101013,212,79548.21686050104,47.0,0.1474494899024988,0.22169811320754718
GRL,485832.79731468204,15,28141.68926926412,3.0,0.057924638733346516,0.2
BRB,439939.9100413444,333,52328.68819298476,49.0,0.1189450809044968,0.14714714714714713
COM,433393.2256965991,348,82998.51222579878,66.0,0.19150855921292745,0.1896551724137931
LCA,379944.8906977393,487,36144.49818279556,58.0,0.09513089678984496,0.11909650924024641
VUT,375677.33563244314,78,26120.276427675115,8.0,0.069528486150761,0.10256410256410256
MHL,356692.5090309161,76,58194.31484500854,23.0,0.16314980935011614,0.3026315789473684
GMB,338805.55052977556,443,54564.57919100473,61.0,0.16104983848607102,0.13769751693002258
SUR,335209.59771394194,344,54012.81566231336,44.0,0.16113147126654268,0.12790697674418605
FSM,287791.0507689764,40,33361.09837914785,17.0,0.11592125012229236,0.425
ALB,282462.9763869615,666,45221.19231175767,88.0,0.16009599874004968,0.13213213213213212
ASM,282101.5587360376,90,16108.366623868633,11.0,0.057101303147854034,0.12222222222222222
BLZ,229451.77016715112,161,24448.671278604957,28.0,0.10655255028450894,0.17391304347826086
KIR,206276.32782040967,61,56184.324024426554,31.0,0.2723740751936514,0.5081967213114754
WSM,185221.0043143351,84,7951.166131964308,10.0,0.042927993838487846,0.11904761904761904
ATG,184884.9241984181,345,21639.99841035881,43.0,0.11704577052012533,0.1246376811594203
MNP,183069.44475221698,115,9417.61059848396,13.0,0.05144283149616049,0.11304347826086956
MYT,180484.63565451175,124,9381.951602884395,13.0,0.051981995968031124,0.10483870967741936
MNE,178900.76564618314,397,32767.95531114268,65.0,0.1831627449596764,0.163727959697733
TON,175499.1239072812,36,8660.333167373641,4.0,0.04934687407299551,0.1111111111111111
ESH,171714.17315780258,261,15961.668251836012,31.0,0.0929548677217663,0.11877394636015326
SYR,166187.6216087108,293,58776.55453885909,45.0,0.35367588734887034,0.15358361774744028
GUF,145878.9870020431,61,4190.474103423659,6.0,0.028725686882957097,0.09836065573770492
TLS,136624.38590902725,100,34958.0977429583,18.0,0.2558701179907627,0.18
ERI,124402.62040041637,209,17767.724387089904,21.0,0.14282435795886528,0.10047846889952153
MAF,111585.5457243671,26,237.39536284958913,2.0,0.0021274741393118336,0.07692307692307693
HKG,104793.08691954367,109,15308.973549571441,13.0,0.14608762848378648,0.11926605504587157
GNB,104399.53242152448,147,8214.61800543057,20.0,0.0786844329174115,0.1360544217687075
PLW,93197.55336292044,22,2829.870008211577,3.0,0.030364209210426207,0.13636363636363635
BMU,90273.88296820357,150,14477.651135623715,22.0,0.16037474693232215,0.14666666666666667
GRD,85623.53313543559,120,4875.9658540875425,19.0,0.05694656218372759,0.15833333333333333
VCT,68391.30050726449,201,8170.09331665681,29.0,0.1194610024382997,0.14427860696517414
KNA,67817.93871192967,163,8691.328199040368,22.0,0.12815677332746034,0.13496932515337423
SHN,67379.58382566714,45,19136.425808928045,10.0,0.2840092610016736,0.2222222222222222
FLK,65605.26229704403,48,23903.784694870934,20.0,0.36435773378422975,0.4166666666666667
CYM,56884.72396746876,123,6413.373650054491,17.0,0.11274333780229244,0.13821138211382114
CXR,50664.99246178406,90,15838.897147568221,12.0,0.3126201421921713,0.13333333333333333
TKM,48274.019390319416,80,13087.398405043034,21.0,0.27110645789042176,0.2625
STP,48205.042147882545,36,20912.40179033559,9.0,0.43382187544159606,0.25
DMA,47655.40964378702,143,4370.414908710609,19.0,0.09170868410068096,0.13286713286713286
VGB,45232.60096276711,59,6504.23865046105,11.0,0.1437953713034315,0.1864406779661017
AZE,44966.54361043504,80,26562.198165132217,23.0,0.5907102488297129,0.2875
TUV,29428.4910461745,15,14845.373936942775,9.0,0.5044558320591355,0.6
NRU,29356.07296377989,35,5030.691629140625,7.0,0.17136800400202007,0.2
ATA,26415.707502970836,21,7461.053875779866,8.0,0.28244762609295093,0.38095238095238093
COK,25495.370306395642,5,0.0,0.0,0.0,0.0
SJM,22202.759633447993,28,9691.905425743014,10.0,0.43651805387031084,0.35714285714285715
KAZ,13678.10032902488,44,9655.91603427291,8.0,0.7059398455926728,0.18181818181818182
WLF,9989.07138883159,2,0.0,0.0,0.0,0.0
NIU,8546.068271162183,4,0.0,0.0,0.0,0.0
PRK,6021.794372257223,12,4668.697228814269,8.0,0.7753000086358386,0.6666666666666666
CCK,5770.861866636398,2,482.16714140380736,1.0,0.08355201572080655,0.5
SGS,5068.120009287815,3,806.6984911587125,1.0,0.15917115018593883,0.3333333333333333
PRY,3109.8684017901323,1,0.0,0.0,0.0,0.0
MSR,772.9241011329747,4,0.0,0.0,0.0,0.0
AIA,379.8584487778702,5,0.0,0.0,0.0,0.0
SPM,279.92241138127747,2,0.0,0.0,0.0,0.0
MDA,143.29748302164393,5,0.0,0.0,0.0,0.0
BLM,74.7956830735611,2,0.0,0.0,0.0,0.0
IMN,26.711820650834298,1,26.711820650834298,1.0,1.0,1.0
ALA,2.7712854457946197,1,0.0,0.0,0.0,0.0
