country,co2_t,cost_usd,voyages,mean_distance_nm,co2_share_pct,rank,population,gdp_usd,cost_per_capita_usd,cost_share_of_gdp_pct
CHN,469793301.5727176,46979330157.27176,1060236.5,966.3566658247204,13.150271237956062,1,1406585000.0,19498039388043.0,33.399567148285925,0.2409438673412539
MYS,314397808.0275984,31439780802.759834,300680.5,1947.088329083104,8.800501067897425,2,35977838.0,472193128645.0,873.8652056513189,6.658246148769481
USA,310398634.1333371,31039863413.33371,422820.0,1606.646093765686,8.68855774886492,3,341784857.0,30769700000000.0,90.81696505159591,0.10087801770356458
AUS,174342622.02548757,17434262202.54876,154684.5,2485.917357222324,4.880130815608793,4,27614411.0,1798518933689.0,631.3465169526432,0.9693677323034228
BRA,163824255.20974597,16382425520.974598,154068.0,2446.700565751907,4.585704785811712,5,212812405.0,2279920092492.0,76.98059481530035,0.7185526183537541
JPN,160227508.52118436,16022750852.118435,358291.5,1040.8272946488637,4.485026052482679,6,123366734.0,4435162999977.0,129.87902275274982,0.36126633569502464
KOR,143020451.0766674,14302045107.66674,260126.0,1156.8550912562619,4.003372798072741,7,51684564.0,1872374961553.0,276.7179211895207,0.7638451379313589
IND,103954484.00778043,10395448400.778044,207758.0,1262.7386216994275,2.9098534536948497,8,1463865525.0,3956067115772.0,7.101368413453171,0.262772296236674
ESP,92012114.35617322,9201211435.617321,184470.5,1262.8330277974922,2.5755672907869664,9,49355143.0,1906453309986.0,186.4286247862218,0.48263502638230826
ARE,90421276.3744012,9042127637.44012,157227.5,1157.2678017821765,2.5310371732099144,10,11513149.0,552324919096.0,785.3739786951529,1.6371029668984574
SGP,84196546.39339906,8419654639.339906,87483.5,2528.442346393715,2.356796954460127,11,6111175.0,603869516999.0,1377.747264534219,1.3942837653376448
EGY,83709247.46722054,8370924746.722054,83616.0,1848.576622496029,2.343156672591995,12,118365995.0,365254630180.0,70.7206892209376,2.291805238060036
IDN,69075219.83053337,6907521983.053336,257545.5,924.0867753654937,1.9335266670513687,13,285721236.0,1445642584164.0,24.175738841663613,0.47781672030973577
TWN,57890141.01115647,5789014101.115646,139096.0,799.7091326070667,1.6204382943557087,14,23299000.0,801495000000.0,248.4662046060194,0.7222770074817244
SAU,50395672.87523577,5039567287.523578,70506.0,1297.3146197015785,1.4106560593990844,15,36973555.0,1276942933333.0,136.30194033339714,0.39465877103604
CAN,48462420.21220962,4846242021.220962,101063.0,1280.7978722259704,1.3565412033439055,16,41651653.0,2319899772426.0,116.3517332966584,0.20889876704255533
ZAF,47938026.36149054,4793802636.149055,44007.0,2787.6442873051847,1.341862574786651,17,64747319.0,427184325997.0,74.03862754763722,1.1221859849283702
NLD,47728612.42944683,4772861242.944683,110970.0,955.338608297417,1.3360007415119692,18,18087633.0,1332767651100.0,263.8742859800773,0.35811652833900953
RUS,45125152.470451206,4512515247.04512,162720.0,812.589516564218,1.2631257036956813,19,143513328.0,2561310169359.0,31.44317890144057,0.17617996059315352
MEX,43696788.37173305,4369678837.173305,68615.0,1369.1166974267685,1.2231434918126645,20,131946900.0,1832641364776.0,33.11694959997775,0.2384361130966506
QAT,42802838.316920966,4280283831.692096,32015.5,1239.0661287110058,1.1981203898343897,21,2972215.0,215559615385.0,1440.098994080878,1.9856612863440584
TUR,42501024.94606889,4250102494.606889,201207.0,624.6085927247212,1.189672147433615,22,85878556.0,1597293229287.0,49.489682786549054,0.26608154449537424
GBR,37022860.51862929,3702286051.8629293,111890.5,763.8021545020911,1.0363295010702285,23,69487000.0,4002587541846.0,53.280268997984216,0.09249731612754256
BEL,35581377.7615579,3558137776.1557903,108940.5,794.6114677889552,0.9959800768088197,24,11941781.0,725466462860.0,297.957044778814,0.49046206245407614
VNM,32883893.13650621,3288389313.650621,108078.0,893.6189989797372,0.9204731371379159,25,101598527.0,514697215165.0,32.366505802299876,0.6388978251215988
ITA,31731994.250185806,3173199425.0185804,107603.5,748.2952899644883,0.8882296318705931,26,58915656.0,2551556954100.0,53.86003722030321,0.12436326063267711
THA,30310491.82685952,3031049182.685952,73907.5,1031.6357557342737,0.8484394893343461,27,71619863.0,577009981112.0,42.3213485159271,0.525302729918915
COL,29407126.90241526,2940712690.241526,39276.5,1603.1665197807565,0.8231528499899177,28,53425635.0,457410034203.0,55.04310225309491,0.6429051551887094
FRA,28070395.070826393,2807039507.082639,66131.5,904.7515734070782,0.7857355728619624,29,68720337.0,3366315927447.0,40.84728960340575,0.08338609826236619
LKA,25505809.845433693,2550580984.5433693,23563.5,1822.4851257835787,0.713948701457308,30,21756000.0,108825231671.0,117.23575034672592,2.343740459247792
CHL,25241710.86358518,2524171086.358518,35511.0,1745.5038976163305,0.7065561455537871,31,19859921.0,357371159575.0,127.0987475911167,0.7063163936788751
DEU,23968412.97680997,2396841297.680997,104857.0,592.2708962754702,0.6709144867183886,32,83491249.0,5050922925047.0,28.707694834952065,0.04745353142878722
ARG,23595403.76626554,2359540376.626554,62240.5,1307.3761096998855,0.6604733580848083,33,45851378.0,683097891619.0,51.46062080460382,0.345417604940083
NGA,22695350.052675802,2269535005.26758,31183.0,1353.2070019605721,0.6352794048657826,34,237527782.0,290794361542.0,9.554819171710953,0.7804604577725922
MAR,22212286.91031387,2221228691.0313873,41068.5,1139.6322924478272,0.621757689409532,35,38430770.0,182374250612.0,57.798183357538434,1.2179508256113614
OMN,22028995.096242957,2202899509.6242957,27024.5,1411.086744244135,0.6166270562935203,36,5494691.0,109604780696.0,400.91417508724254,2.009857139109891
PHL,21627898.845496196,2162789884.5496197,71195.0,956.7971778479298,0.6053997261630358,37,116786962.0,487086123720.0,18.51910390947253,0.44402617509032
PER,20956291.551095717,2095629155.1095717,32025.5,1548.2671043348814,0.5866003561907736,38,34576665.0,334854659182.0,60.60819211770631,0.6258324612322497
GIB,19333641.123431,1933364112.3431003,27562.5,1738.877830657148,0.5411797570107881,39,40126.0,,48182.32847388477,
NZL,18198025.0549134,1819802505.4913404,29326.5,1658.6383127195304,0.5093920340415703,40,5324700.0,264057413740.0,341.7662038220633,0.6891692528970916
GRC,17291584.432260364,1729158443.2260363,44983.5,828.3707487724907,0.4840193009500489,41,10413962.0,280635521324.0,166.04232310680953,0.6161580811538409
PAN,17243306.755918592,1724330675.591859,22005.5,1722.4444416783917,0.48266793102521766,42,4571189.0,90462600000.0,377.2171038195662,1.9061254878721805
MUS,14631076.415975748,1463107641.597575,9792.0,3306.319870913012,0.40954739611918844,43,1243741.0,16157804492.0,1176.3764655161926,9.05511415441364
MLT,14324347.398898918,1432434739.8898919,30980.0,1100.8813034750578,0.40096155686262847,44,579704.0,27771821561.0,2470.9761186569212,5.157871033931248
PRT,14313342.979589054,1431334297.9589055,34833.5,909.9366715884277,0.40065352544060423,45,10804871.0,346639825142.0,132.4712065473901,0.4129168647522146
BGD,11725421.38067978,1172542138.0679781,25645.5,1396.8021746550887,0.328213431351791,46,175686899.0,456319229256.0,6.674044249981201,0.2569565477176438
IRQ,10874562.224823106,1087456222.4823108,20805.0,890.8673916495137,0.30439651304461984,47,47020774.0,254367293538.0,23.127144238040632,0.4275141695132497
AGO,10871833.048161102,1087183304.8161101,11618.0,1820.3460451490218,0.3043201189937862,48,39040039.0,122174889424.0,27.847905193335237,0.8898582269578417
KWT,10654150.00560971,1065415000.560971,15919.0,1273.9609973899721,0.2982268199963946,49,4865298.0,157209026926.0,218.98247559778886,0.6777059952559045
GIN,10542529.380480705,1054252938.0480704,7163.0,3354.5724685216037,0.29510237890435953,50,15099727.0,28346024753.0,69.81933766405648,3.7192267601350117
TTO,9686905.975292752,968690597.5292752,12442.5,1688.3223628990797,0.2711521015843166,51,1367764.0,25942749718.0,708.2293418523043,3.733954989579086
DNK,9680174.565373736,968017456.5373735,33800.5,920.1744947604352,0.2709636785779591,52,6009169.0,462526660468.0,161.09007028049527,0.20928900737481834
DOM,9544121.086480627,954412108.6480626,16380.5,1217.1333311951698,0.26715532255346397,53,11520487.0,127407463759.0,82.84477111497652,0.749102195812797
PAK,9193947.48205556,919394748.205556,20794.0,1004.3528625015002,0.2573533993179757,54,255219554.0,407307214476.0,3.6023679761056084,0.2257251321679523
ECU,9160289.39811162,916028939.8111621,19135.0,1250.5576024159213,0.2564112553330978,55,18289896.0,130320560400.0,50.0838790888238,0.7029043897597927
SWE,8445507.824021958,844550782.4021958,49433.0,623.8601543041246,0.23640336772868642,56,10596620.0,668998664082.0,79.70001589206707,0.12624102673823548
NOR,8285762.194466319,828576219.4466319,44692.0,608.197625439094,0.23193183024464348,57,5610870.0,530755719439.0,147.67339457991932,0.15611253710509673
TGO,7961561.777434895,796156177.7434895,15168.0,1186.3755838273958,0.22285693836102263,58,8591626.0,11889949067.0,92.6665310784582,6.696043635318707
GHA,7446142.440055029,744614244.0055028,9690.0,1657.6018473173885,0.208429520887971,59,35064272.0,114209905279.0,21.23569666598248,0.6519699339444391
MOZ,7423365.123729458,742336512.3729458,13522.0,1664.9873691108742,0.20779194711509844,60,35631653.0,22337997046.0,20.833625438958606,3.3232008708939906
DZA,7303252.964430986,730325296.4430985,25984.5,829.0041672840174,0.204429814303788,61,47435312.0,287031225988.0,15.396236804410574,0.2544410608738547
BHS,7286019.936955573,728601993.6955574,9400.5,1363.7160645241709,0.20394743410638166,62,403033.0,15832800000.0,1807.797360750999,4.6018518120329786
JAM,7076431.42960145,707643142.9601451,13271.0,1246.9112895196417,0.19808071418756126,63,2837077.0,22704903218.0,249.4268371849425,3.116697464709471
CIV,6190108.394294592,619010839.4294591,10579.5,1536.6605932553255,0.17327110477057897,64,32711547.0,99773555666.0,18.92331290322219,0.6204157357102192
ISR,5989393.259949392,598939325.9949392,16580.0,805.1022521614522,0.1676527648552032,65,10122800.0,610777842874.0,59.16735745000783,0.09806173111595617
GTM,5963005.250556031,596300525.0556031,14860.5,1052.9808015832743,0.16691412196738264,66,18687881.0,123306008821.0,31.9084076496208,0.4835940525179406
URY,5892064.435968472,589206443.5968472,12648.0,1416.9613625693562,0.16492837429804605,67,3384688.0,85347696278.0,174.0799871647984,0.6903601026062216
PNG,5821255.533405084,582125553.3405085,11454.5,1266.0278885524997,0.16294631905874543,68,10762817.0,32498658654.0,54.08672779073624,1.7912294766936765
POL,5174387.856661476,517438785.66614765,20813.0,671.4488671078274,0.14483945083442648,69,36435861.0,1035491784197.0,14.201360183752694,0.04997034197305674
COG,5125842.743875754,512584274.3875754,5610.5,1540.1406367307357,0.1434805949327516,70,6484437.0,16306633779.0,79.04838529352284,3.1434094941636044
CRI,5108192.637404872,510819263.7404872,10162.5,1181.4826978658004,0.14298654002244554,71,5152950.0,102904921157.0,99.13142253281852,0.4963992567091523
KEN,4886633.990542782,488663399.0542782,6208.5,2153.178167885552,0.13678475661770698,72,57532493.0,135941278879.0,8.493694146962799,0.3594665307579111
NAM,4682872.782810079,468287278.2810079,3765.5,2815.9174062993584,0.13108115220170447,73,3092816.0,15080340654.0,151.41129581617784,3.105283156563155
VEN,4593711.790962438,459371179.0962438,11472.0,1068.7613930054424,0.12858539242242167,74,28516896.0,99661244156.0,16.1087370482483,0.46093261526736407
CMR,4470242.2698333915,447024226.98333913,7560.0,1388.5788753757613,0.12512928164555018,75,29879337.0,58933453924.0,14.960982132345812,0.7585237199228424
IRN,4465751.436753401,446575143.67534006,13070.0,884.2274736642981,0.12500357599396134,76,92417681.0,362682115433.0,4.83213968196562,0.12313128347731776
SEN,4242959.90372412,424295990.372412,7592.5,1685.100963904451,0.1187672821195124,77,18931966.0,37006536238.0,22.4116180206753,1.1465433772121736
FIN,4041770.6691496484,404177066.91496485,28566.5,523.8134893868838,0.11313567137505492,78,5646436.0,317039368820.0,71.5809170448341,0.12748481944664655
DJI,3905410.6199954925,390541061.99954927,6736.5,1425.8736854997514,0.10931873395514023,79,1184076.0,4624533092.0,329.8276985595091,8.444983617376378
TZA,3649307.9274131805,364930792.74131805,5197.0,1869.87767872036,0.10215000706832873,80,70545865.0,90143496090.0,5.1729579436203394,0.4048331921550593
BRN,3539442.008185175,353944200.8185175,5043.5,1214.842999778988,0.09907468302088271,81,466330.0,15031980994.0,758.9994227661045,2.354607825540719
GNQ,3483902.8876432525,348390288.76432526,2903.0,1957.1069281899495,0.09752005357640399,82,1938431.0,12823210426.0,179.72798039462083,2.7168725864307612
PRI,3162819.257160171,316281925.7160171,5709.5,1380.7956093467992,0.0885324055686841,83,3184835.0,129368484000.0,99.30873207435145,0.24448143468699618
IRL,2924876.623190487,292487662.31904864,14835.0,686.6801742536487,0.08187200797403957,84,5484367.0,721701359046.0,53.33116152129291,0.04052751995724121
LBY,2869972.353580483,286997235.35804826,12056.5,699.5505375230246,0.08033514902974134,85,7458555.0,48098909614.0,38.47893262945011,0.5966813752354021
GAB,2674525.063464685,267452506.34646848,3964.5,1762.831182933587,0.07486426455960932,86,2593130.0,21427119323.0,103.13887323291485,1.2481962802129138
JOR,2485741.729896513,248574172.98965126,5905.0,1153.4278687779613,0.06957991496731797,87,11520684.0,61610052535.0,21.576338088055472,0.403463660168832
REU,2372340.7231468973,237234072.31468976,2670.0,1688.2857055684694,0.06640563812594436,88,,,,
BHR,2239886.725141011,223988672.5141011,6593.5,867.9854810919651,0.06269803736940294,89,1600366.0,48965725532.0,139.9609042644627,0.45743970926708805
UKR,2217465.7304186695,221746573.04186696,16360.5,556.2597272648328,0.06207043761215537,90,38980376.0,214233312784.0,5.688671988229846,0.1035070457344989
COD,2217375.2878484884,221737528.78484884,3134.5,1191.82815253528,0.06206790597893421,91,112832473.0,91030531317.0,1.9651924919242783,0.24358588879667367
HND,2168059.9695125245,216805996.95125246,9974.0,629.8830465676849,0.06068749078328738,92,11005850.0,39601409103.0,19.699159715174428,0.5474704104274621
LTU,2131363.3791567194,213136337.91567194,8697.0,753.1003488713517,0.059660294109619386,93,2888774.0,95210150818.0,73.78089733418811,0.22385883866846829
NCL,2116443.9169472544,211644391.69472545,3437.5,1740.2397918990112,0.05924267433061849,94,295333.0,8548919387.0,716.6296746205993,2.475685897992729
EST,1904677.9074381941,190467790.74381942,10479.5,633.9437108398355,0.05331500261903561,95,1366475.0,47030833799.0,139.38622422204534,0.4049849329863875
SVN,1824852.759810028,182485275.98100278,3824.5,1180.2898092894231,0.05108056815731353,96,2130986.0,79648204979.0,85.6341974940252,0.22911411001555745
MMR,1794785.601554401,179478560.1554401,5657.0,1165.7475717961433,0.05023893996659135,97,54850648.0,81665773810.0,3.27213199296096,0.21977206825102402
MRT,1772579.9264939225,177257992.64939225,4000.5,1372.8583107354164,0.04961736735350886,98,5315065.0,11679910946.0,33.350108164132,1.5176313712400136
ROU,1734836.313360638,173483631.3360638,14014.5,481.1909074695007,0.04856086282579084,99,19020271.0,428677977855.0,9.120986306455034,0.040469452665642766
CYP,1714529.107671142,171452910.7671142,6574.0,675.0949850669475,0.04799243142839149,100,1370754.0,41225787247.0,125.07927080067918,0.4158875359732295
LBN,1638741.9118284287,163874191.18284288,7903.5,496.7370399769444,0.04587102574133847,101,5849421.0,25971643441.0,28.01545506518387,0.630973513690488
LVA,1601325.2305206463,160132523.05206463,8974.5,683.3977751311166,0.04482367256202682,102,1847785.0,48618869160.0,86.66188060410958,0.329362911599371
BEN,1587385.9705674334,158738597.05674335,3613.0,1065.336345983075,0.0444334902230546,103,14814460.0,24566420904.0,10.715111928260859,0.6461608619222873
BES,1512711.6285163115,151271162.85163116,2791.0,1383.6944079587884,0.042343235106174944,104,,,,
TUN,1492337.3571275596,149233735.71275595,7920.5,810.0564354953731,0.04177292643182628,105,12348573.0,57502836548.0,12.085099688260009,0.2595241290195908
HRV,1485988.791689375,148598879.16893747,4526.0,786.3460993897933,0.04159521985916005,106,3876200.0,105060182186.0,38.33622598651707,0.14144167283648523
SLE,1461691.3523021836,146169135.23021838,5995.5,666.5033311455372,0.04091509539323063,107,8819794.0,7464157904.0,16.57285138748347,1.9582803192291411
ISL,1446025.0324392107,144602503.24392107,5545.0,709.5914282462143,0.04047656986549536,108,392404.0,38582528789.0,368.50415195543644,0.3747875211464825
CUB,1308741.9687495043,130874196.87495044,3973.5,1214.0312874773738,0.03663379578197046,109,10937203.0,107352000000.0,11.965965784392083,0.12191127959884347
MDG,1255407.7008684156,125540770.08684157,3460.0,1173.0745546356497,0.03514088371496951,110,32740678.0,19620352036.0,3.8343973844048547,0.6398497328513559
PYF,1252600.9164713607,125260091.64713608,968.5,3206.19195577584,0.03506231729862392,111,282465.0,6323716355.0,443.45349564418984,1.9807987046746038
VIR,1213108.7857614527,121310878.57614526,4391.5,790.2116390606218,0.03395686894748407,112,103792.0,4672000000.0,1168.788332204267,2.596551339386671
FJI,1200502.2418946752,120050224.18946752,3809.5,938.307192165891,0.033603991478464525,113,933154.0,6198013062.0,128.6499593737663,1.9369146690815335
SDN,1192074.5477899015,119207454.77899015,2646.5,1167.2598656606892,0.033368086745431326,114,51662147.0,60162634574.0,2.307442909389541,0.19814201226903563
SLV,1160412.7180591363,116041271.80591363,3879.0,1027.131263394299,0.03248182113147792,115,6365503.0,36708110000.0,18.229709703367295,0.3161188952684124
GLP,1152128.7992845075,115212879.92845076,2793.5,904.4598838099159,0.032249940901523846,116,,,,
GUM,1049799.5998030326,104979959.98030326,1497.5,1469.6517393146823,0.02938558177967285,117,168999.0,6910000000.0,621.1868708116809,1.5192468882822467
KHM,1012395.9081519558,101239590.81519558,4115.5,736.6856472502819,0.028338592201775693,118,17847982.0,51267065843.0,5.67232703479842,0.19747490742932544
CPV,1000836.4290899502,100083642.90899502,2046.5,1785.6761602688014,0.028015023763217788,119,527326.0,3056630435.0,189.79462971481593,3.2743128434169053
LBR,872770.9970597903,87277099.70597903,2087.0,1459.7249323322205,0.024430266037288498,120,5731206.0,5245938900.0,15.228400393560976,1.6637078961399845
BGR,811641.834510909,81164183.4510909,7439.0,441.5124763750545,0.02271916231278708,121,6433302.0,130777235530.0,12.616255765871228,0.06206292947098734
NIC,767619.9766942668,76761997.66942668,2985.5,859.9351406849761,0.021486919603600694,122,7007502.0,22237167113.0,10.954259830311383,0.3451968377057844
MDV,754929.6776201096,75492967.76201096,1772.0,1398.7841888429505,0.021131697691416578,123,529676.0,7741066861.0,142.5266913396321,0.9752269179116572
ABW,739261.6596676491,73926165.96676491,2163.5,836.6472472148774,0.020693124631421325,124,108785.0,4167588070.0,679.5621268259862,1.7738357228468817
YEM,736869.277721837,73686927.7721837,3258.5,904.5930694491783,0.020626158007191267,125,41773878.0,21606160663.0,1.7639475026039886,0.34104591242057497
HTI,689868.8942197174,68986889.42197174,3130.0,836.744843254601,0.019310541566361365,126,11906095.0,32077278409.0,5.794249871345033,0.21506465898495902
SOM,687670.2214617128,68767022.14617129,1962.5,1138.529355414662,0.019248997174318154,127,19654739.0,12995200000.0,3.498750207070737,0.5291724801940045
GEO,686241.8754404864,68624187.54404864,5192.5,552.2408405808119,0.019209015468453248,128,3935766.0,38143612855.0,17.43604359203485,0.1799100358031584
SLB,655474.696405439,65547469.6405439,1550.5,1665.3200946658524,0.018347792568545636,129,838645.0,1749572443.0,78.15877950806825,3.746485028544994
MTQ,636756.4716570611,63675647.16570611,2404.0,653.1439671769324,0.01782383930716417,130,,,,
GUY,625903.3447871906,62590334.47871905,4221.5,764.9672505886394,0.017520042804232007,131,835986.0,27097477218.0,74.87007495187605,0.23098214632741626
CUW,620514.5757929601,62051457.579296015,2025.5,862.2921447286374,0.017369202480039245,132,156263.0,3561178212.0,397.0962900961585,1.74244179553281
FRO,618707.3998222589,61870739.98222589,2641.0,635.6116258457794,0.01731861671368225,133,54900.0,4052937170.0,1126.9715843756992,1.52656548540144
SXM,571708.1955350633,57170819.55350633,1748.0,682.6731612646823,0.01600303328097751,134,43923.0,1887728480.0,1301.6146336431102,3.0285509891500038
SYC,539494.690101013,53949469.01010131,851.0,1655.2502016806104,0.015101325375468851,135,122730.0,2387022853.0,439.5784975971752,2.2601153123564717
GRL,485832.79731468204,48583279.7314682,3576.0,308.25783486997767,0.013599242559643213,136,56831.0,3326543974.0,854.8728639557319,1.4604730949355007
BRB,439939.9100413444,43993991.00413444,2331.0,607.2154387978459,0.012314626722173854,137,282623.0,8016550000.0,155.66316614052798,0.5487895791098969
COM,433393.2256965991,43339322.56965991,882.0,1411.4864571519186,0.012131374482189851,138,882847.0,1814920856.0,49.09041155450481,2.3879455914776213
LCA,379944.8906977393,37994489.069773935,2572.0,431.7821734057352,0.010635269492827093,139,180149.0,2656444444.0,210.90591160524863,1.4302760652717772
VUT,375677.33563244314,37567733.56324431,984.5,933.7221956573118,0.010515813752518133,140,335169.0,1353658841.0,112.08594339943227,2.7752733868669286
MHL,356692.5090309161,35669250.90309161,955.0,1446.6540282273652,0.009984397875833904,141,36282.0,308000000.0,983.1114851191116,11.580925617886887
GMB,338805.55052977556,33880555.052977555,1079.0,1147.671006760042,0.009483713095687771,142,2822093.0,2593673988.0,12.005470781075449,1.306276548622947
SUR,335209.59771394194,33520959.771394197,1797.5,832.3087314078552,0.009383056584135139,143,639850.0,4523657797.0,52.388778262708755,0.7410144903892737
FSM,287791.0507689764,28779105.07689764,1408.5,895.2611098581099,0.008055735074976648,144,113683.0,501797600.0,253.15223100109637,5.735201817804159
ALB,282462.9763869615,28246297.638696156,1997.0,580.4279602020418,0.007906593690744597,145,2349580.0,30540188271.0,12.021849708754823,0.09248894403679217
ASM,282101.5587360376,28210155.873603757,844.0,933.4850901369666,0.00789647702853608,146,46029.0,871000000.0,612.8778785896665,3.2388238660853914
BLZ,229451.77016715112,22945177.016715113,827.0,999.415949897993,0.006422724640019473,147,422924.0,3326500000.0,54.25366500060321,0.6897693376436228
KIR,206276.32782040967,20627632.78204097,418.5,2052.427576753634,0.005774006678526593,148,136488.0,349227254.0,151.13147516295183,5.9066503389340195
WSM,185221.0043143351,18522100.43143351,914.0,630.6546196481912,0.005184634258398685,149,219306.0,1287936622.0,84.45779153982795,1.4381220407158755
ATG,184884.9241984181,18488492.41984181,1390.0,456.41309672200714,0.005175226834607845,150,94209.0,2338196296.0,196.24974705008876,0.7907160083809239
MNP,183069.44475221698,18306944.475221697,682.5,873.7083188315034,0.005124408640596657,151,43541.0,1096000000.0,420.4530092377689,1.6703416491990601
MYT,180484.63565451175,18048463.565451175,552.0,846.5213264048843,0.005052055670430055,152,,,,
MNE,178900.76564618314,17890076.56461831,1057.0,634.8170701537517,0.0050077205976534565,153,623129.0,9232801465.0,28.710068965845455,0.19376650340025817
TON,175499.1239072812,17549912.39072812,849.0,811.0362862173725,0.004912503166133759,154,103742.0,679218219.0,169.1688264225494,2.5838400531373438
ESH,171714.17315780258,17171417.315780256,714.0,1112.0732959340103,0.0048065562979870136,155,,,,
SYR,166187.6216087108,16618762.16087108,1450.0,448.73716188490795,0.004651859218148266,156,25620427.0,23737634644.0,0.6486528175690077,0.07001018597727761
GUF,145878.9870020431,14587898.700204311,701.0,773.1700589606368,0.0040833878230556245,157,,,,
TLS,136624.38590902725,13662438.590902723,499.5,1214.0231005488706,0.0038243366314681137,158,1418517.0,1902180258.0,9.63149443461215,0.7182515186687803
ERI,124402.62040041637,12440262.040041637,350.0,1468.6853622703015,0.003482229728481435,159,3607003.0,2065001626.0,3.448919238503998,0.6024335227347486
MAF,111585.5457243671,11158554.57243671,413.5,503.4875300252928,0.0031234591629945687,160,24941.0,649206263.0,447.3980422772427,1.7187995878032236
HKG,104793.08691954367,10479308.691954367,192.0,921.6910767185101,0.002933327299987908,161,7498900.0,427310315922.0,1.397446117691177,0.002452388416915081
GNB,104399.53242152448,10439953.242152447,338.0,1299.3930367646117,0.0029223110756642647,162,2249515.0,2527930273.0,4.640979607672074,0.4129842248284372
PLW,93197.55336292044,9319755.336292045,428.0,1052.8066572581777,0.002608749638050312,163,17663.0,345000000.0,527.6428316985815,2.7013783583455204
BMU,90273.88296820357,9027388.296820357,215.0,1412.8432020665482,0.0025269113943542,164,64555.0,9194499000.0,139.84026484114875,0.09818249256235012
GRD,85623.53313543559,8562353.313543558,1286.5,212.85136517043406,0.002396740611911026,165,117303.0,1420173229.0,72.99347257566778,0.6029090774773053
VCT,68391.30050726449,6839130.050726449,1456.0,193.21091767298503,0.0019143826635592861,166,99924.0,1255222222.0,68.44331742851016,0.5448541247006738
KNA,67817.93871192967,6781793.8711929675,676.0,321.38733872500995,0.0018983333433563517,167,46922.0,1183514815.0,144.53335047936932,0.5730214599124361
SHN,67379.58382566714,6737958.382566714,60.5,3330.6400781234665,0.0018860630840028486,168,,,,
FLK,65605.26229704403,6560526.229704403,199.5,1802.6952287249123,0.0018363969664004307,169,,,,
CYM,56884.72396746876,5688472.396746876,270.0,868.9948488751988,0.0015922950518116026,170,75844.0,7765336505.0,75.00227304397019,0.07325467985945158
CXR,50664.99246178406,5066499.246178406,314.5,1071.6588393808033,0.001418194748437323,171,,,,
TKM,48274.019390319416,4827401.939031942,1667.0,220.51514134317958,0.0013512675608696174,172,7618847.0,49828621356.0,0.6336131883252074,0.009688010239221
STP,48205.042147882545,4820504.214788254,93.0,1230.9110132338396,0.001349336776747633,173,240254.0,981293587.0,20.064199617023043,0.4912397552220276
DMA,47655.40964378702,4765540.964378702,605.0,254.74154073906604,0.0013339516776288147,174,65871.0,723859259.0,72.34657078803575,0.6583518695280932
VGB,45232.60096276711,4523260.096276711,538.0,376.12530853708427,0.0012661333600699493,175,39732.0,,113.84425894182802,
AZE,44966.54361043504,4496654.3610435035,1413.5,178.79524629278112,0.0012586859862221177,176,10246996.0,75937647059.0,0.4388265947447919,0.005921508678758262
TUV,29428.4910461745,2942849.10461745,118.0,1492.5913562444982,0.0008237508667863686,177,9492.0,57345435.0,310.0346717886062,5.131793149040459
NRU,29356.07296377989,2935607.296377989,64.0,2459.38548081747,0.0008217237680115804,178,12025.0,176040044.0,244.12534689214047,1.6675792789383699
ATA,26415.707502970836,2641570.7502970835,56.5,2919.745052116831,0.0007394182025237088,179,,,,
COK,25495.370306395642,2549537.030639564,256.0,567.9665966082609,0.0007136564819439816,180,16800.0,414092000.0,151.75815658568834,0.61569337988649
SJM,22202.759633447993,2220275.9633447994,91.0,1081.328642635964,0.0006214910055838454,181,,,,
KAZ,13678.10032902488,1367810.032902488,362.0,217.03355429393818,0.00038287206042424105,182,20843754.0,306239209650.0,0.06562205795090885,0.0004466475845682056
WLF,9989.07138883159,998907.1388831589,108.0,681.7486238072482,0.0002796101982269521,183,,,,
NIU,8546.068271162183,854606.8271162183,76.0,622.6756411163187,0.00023921821662346022,184,,,,
PRK,6021.794372257223,602179.4372257222,47.0,424.076498356896,0.00016855972417929968,185,26571036.0,,0.022663001819941166,
CCK,5770.861866636398,577086.1866636397,24.0,1286.555837523787,0.00016153571915350005,186,,,,
SGS,5068.120009287815,506812.0009287815,17.0,1531.7438511491373,0.00014186484261383427,187,,,,
PRY,3109.8684017901323,310986.84017901326,265.5,205.0019250370045,8.705022583545516e-05,188,7013078.0,49278227554.0,0.04434384448298069,0.0006310836562419541
MSR,772.9241011329747,77292.41011329748,31.0,135.29707800522905,2.1635390590341834e-05,189,,,,
AIA,379.8584487778702,37985.84487778702,4.0,595.6511023995058,1.0632849844252275e-05,190,,,,
SPM,279.92241138127747,27992.24113812775,2.0,418.4765626496665,7.835479183980534e-06,191,,,,
MDA,143.29748302164393,14329.748302164393,2.5,438.0845828623148,4.011127368446188e-06,192,2360527.0,20351796275.0,0.00607057165716147,7.041023852900372e-05
BLM,74.7956830735611,7479.568307356109,8.0,126.1014490382474,2.0936516475496875e-06,193,,,,
IMN,26.711820650834298,2671.1820650834297,1.0,61.97487990773507,7.477068865013087e-07,194,84118.0,7576129933.0,0.03175517802472039,3.5257870294018226e-05
ALA,2.7712854457946197,277.12854457946196,0.5,69.20777606785184,7.757274351932905e-08,195,,,,
